date,aus_paradip_75k_usd_t,aus_gangavaram_160k_usd_t,indonesia_haldia_40k_usd_t,russia_vizag_70k_usd_t,unit,currency
2024-09-01,13.97,11.33,8.43,31.92,USD/MT,USD
2024-09-02,13.98,11.35,8.43,31.93,USD/MT,USD
2024-09-03,13.98,11.36,8.43,31.95,USD/MT,USD
2024-09-04,13.99,11.37,8.44,31.97,USD/MT,USD
2024-09-05,14.0,11.39,8.44,31.98,USD/MT,USD
2024-09-06,14.01,11.4,8.44,32.0,USD/MT,USD
2024-09-07,14.01,11.41,8.45,32.01,USD/MT,USD
2024-09-08,14.02,11.42,8.45,32.03,USD/MT,USD
2024-09-09,14.03,11.43,8.45,32.04,USD/MT,USD
2024-09-10,14.03,11.43,8.46,32.05,USD/MT,USD
2024-09-11,14.04,11.44,8.46,32.06,USD/MT,USD
2024-09-12,14.04,11.44,8.46,32.07,USD/MT,USD
2024-09-13,14.04,11.44,8.47,32.08,USD/MT,USD
2024-09-14,14.05,11.44,8.47,32.09,USD/MT,USD
2024-09-15,14.05,11.44,8.47,32.09,USD/MT,USD
2024-09-16,14.05,11.44,8.47,32.1,USD/MT,USD
2024-09-17,14.05,11.43,8.47,32.1,USD/MT,USD
2024-09-18,14.05,11.42,8.48,32.1,USD/MT,USD
2024-09-19,14.05,11.41,8.48,32.1,USD/MT,USD
2024-09-20,14.05,11.4,8.48,32.1,USD/MT,USD
2024-09-21,14.05,11.38,8.48,32.09,USD/MT,USD
2024-09-22,14.04,11.36,8.48,32.08,USD/MT,USD
2024-09-23,14.04,11.35,8.48,32.07,USD/MT,USD
2024-09-24,14.03,11.33,8.48,32.06,USD/MT,USD
2024-09-25,14.02,11.3,8.48,32.05,USD/MT,USD
2024-09-26,14.02,11.28,8.48,32.03,USD/MT,USD
2024-09-27,14.01,11.26,8.48,32.02,USD/MT,USD
2024-09-28,14.0,11.23,8.48,32.0,USD/MT,USD
2024-09-29,13.98,11.2,8.48,31.98,USD/MT,USD
2024-09-30,13.97,11.18,8.48,31.95,USD/MT,USD
2024-10-01,13.82,11.15,8.37,31.93,USD/MT,USD
2024-10-02,13.8,11.12,8.36,31.9,USD/MT,USD
2024-10-03,13.79,11.09,8.36,31.88,USD/MT,USD
2024-10-04,13.77,11.06,8.36,31.85,USD/MT,USD
2024-10-05,13.76,11.04,8.36,31.82,USD/MT,USD
2024-10-06,13.74,11.01,8.35,31.78,USD/MT,USD
2024-10-07,13.72,10.98,8.35,31.75,USD/MT,USD
2024-10-08,13.71,10.96,8.35,31.72,USD/MT,USD
2024-10-09,13.69,10.93,8.34,31.68,USD/MT,USD
2024-10-10,13.67,10.91,8.34,31.65,USD/MT,USD
2024-10-11,13.65,10.88,8.33,31.61,USD/MT,USD
2024-10-12,13.63,10.86,8.33,31.57,USD/MT,USD
2024-10-13,13.61,10.84,8.32,31.54,USD/MT,USD
2024-10-14,13.6,10.83,8.32,31.5,USD/MT,USD
2024-10-15,13.58,10.81,8.31,31.46,USD/MT,USD
2024-10-16,13.56,10.8,8.31,31.43,USD/MT,USD
2024-10-17,13.54,10.79,8.3,31.39,USD/MT,USD
2024-10-18,13.52,10.78,8.3,31.35,USD/MT,USD
2024-10-19,13.5,10.77,8.29,31.32,USD/MT,USD
2024-10-20,13.49,10.76,8.29,31.29,USD/MT,USD
2024-10-21,13.47,10.76,8.28,31.25,USD/MT,USD
2024-10-22,13.45,10.76,8.28,31.22,USD/MT,USD
2024-10-23,13.44,10.76,8.27,31.19,USD/MT,USD
2024-10-24,13.42,10.77,8.27,31.16,USD/MT,USD
2024-10-25,13.41,10.77,8.26,31.13,USD/MT,USD
2024-10-26,13.4,10.78,8.25,31.1,USD/MT,USD
2024-10-27,13.38,10.79,8.25,31.08,USD/MT,USD
2024-10-28,13.37,10.8,8.24,31.06,USD/MT,USD
2024-10-29,13.36,10.81,8.24,31.03,USD/MT,USD
2024-10-30,13.35,10.83,8.23,31.02,USD/MT,USD
2024-10-31,13.35,10.84,8.23,31.0,USD/MT,USD
2024-11-01,13.34,10.86,8.22,30.99,USD/MT,USD
2024-11-02,13.33,10.87,8.22,30.97,USD/MT,USD
2024-11-03,13.33,10.89,8.21,30.96,USD/MT,USD
2024-11-04,13.33,10.91,8.21,30.96,USD/MT,USD
2024-11-05,13.33,10.93,8.21,30.95,USD/MT,USD
2024-11-06,13.33,10.95,8.2,30.95,USD/MT,USD
2024-11-07,13.33,10.97,8.2,30.95,USD/MT,USD
2024-11-08,13.33,10.99,8.2,30.95,USD/MT,USD
2024-11-09,13.33,11.0,8.19,30.96,USD/MT,USD
2024-11-10,13.34,11.02,8.19,30.97,USD/MT,USD
2024-11-11,13.34,11.04,8.19,30.98,USD/MT,USD
2024-11-12,13.35,11.06,8.18,30.99,USD/MT,USD
2024-11-13,13.36,11.07,8.18,31.01,USD/MT,USD
2024-11-14,13.37,11.09,8.18,31.03,USD/MT,USD
2024-11-15,13.38,11.1,8.18,31.05,USD/MT,USD
2024-11-16,13.4,11.11,8.18,31.07,USD/MT,USD
2024-11-17,13.41,11.13,8.18,31.1,USD/MT,USD
2024-11-18,13.42,11.14,8.18,31.12,USD/MT,USD
2024-11-19,13.44,11.14,8.18,31.15,USD/MT,USD
2024-11-20,13.46,11.15,8.18,31.18,USD/MT,USD
2024-11-21,13.48,11.16,8.18,31.22,USD/MT,USD
2024-11-22,13.49,11.16,8.18,31.25,USD/MT,USD
2024-11-23,13.51,11.17,8.18,31.29,USD/MT,USD
2024-11-24,13.53,11.17,8.18,31.32,USD/MT,USD
2024-11-25,13.55,11.17,8.18,31.36,USD/MT,USD
2024-11-26,13.58,11.18,8.19,31.4,USD/MT,USD
2024-11-27,13.6,11.18,8.19,31.44,USD/MT,USD
2024-11-28,13.62,11.18,8.19,31.49,USD/MT,USD
2024-11-29,13.64,11.17,8.19,31.53,USD/MT,USD
2024-11-30,13.66,11.17,8.2,31.57,USD/MT,USD
2024-12-01,13.69,11.17,8.2,31.61,USD/MT,USD
2024-12-02,13.71,11.17,8.21,31.66,USD/MT,USD
2024-12-03,13.73,11.17,8.21,31.7,USD/MT,USD
2024-12-04,13.76,11.17,8.21,31.74,USD/MT,USD
2024-12-05,13.78,11.16,8.22,31.79,USD/MT,USD
2024-12-06,13.8,11.16,8.22,31.83,USD/MT,USD
2024-12-07,13.82,11.16,8.23,31.87,USD/MT,USD
2024-12-08,13.85,11.17,8.23,31.91,USD/MT,USD
2024-12-09,13.87,11.17,8.24,31.95,USD/MT,USD
2024-12-10,13.89,11.17,8.25,31.99,USD/MT,USD
2024-12-11,13.91,11.18,8.25,32.03,USD/MT,USD
2024-12-12,13.93,11.18,8.26,32.07,USD/MT,USD
2024-12-13,13.95,11.19,8.26,32.1,USD/MT,USD
2024-12-14,13.97,11.2,8.27,32.14,USD/MT,USD
2024-12-15,13.99,11.21,8.28,32.17,USD/MT,USD
2024-12-16,14.0,11.22,8.28,32.2,USD/MT,USD
2024-12-17,14.02,11.24,8.29,32.23,USD/MT,USD
2024-12-18,14.03,11.25,8.3,32.26,USD/MT,USD
2024-12-19,14.05,11.27,8.3,32.29,USD/MT,USD
2024-12-20,14.06,11.29,8.31,32.31,USD/MT,USD
2024-12-21,14.07,11.32,8.32,32.33,USD/MT,USD
2024-12-22,14.09,11.34,8.32,32.36,USD/MT,USD
2024-12-23,14.1,11.37,8.33,32.37,USD/MT,USD
2024-12-24,14.11,11.4,8.34,32.39,USD/MT,USD
2024-12-25,14.11,11.43,8.35,32.41,USD/MT,USD
2024-12-26,14.12,11.46,8.35,32.42,USD/MT,USD
2024-12-27,14.13,11.49,8.36,32.43,USD/MT,USD
2024-12-28,14.14,11.53,8.37,32.44,USD/MT,USD
2024-12-29,14.14,11.57,8.37,32.45,USD/MT,USD
2024-12-30,14.14,11.6,8.38,32.46,USD/MT,USD
2024-12-31,14.15,11.64,8.39,32.46,USD/MT,USD
2025-01-01,13.93,11.49,8.39,32.07,USD/MT,USD
2025-01-02,13.93,11.53,8.39,32.07,USD/MT,USD
2025-01-03,13.94,11.57,8.4,32.07,USD/MT,USD
2025-01-04,13.94,11.61,8.41,32.07,USD/MT,USD
2025-01-05,13.94,11.65,8.41,32.07,USD/MT,USD
2025-01-06,13.94,11.69,8.42,32.07,USD/MT,USD
2025-01-07,13.94,11.73,8.43,32.06,USD/MT,USD
2025-01-08,13.94,11.77,8.43,32.06,USD/MT,USD
2025-01-09,13.93,11.81,8.44,32.05,USD/MT,USD
2025-01-10,13.93,11.85,8.44,32.05,USD/MT,USD
2025-01-11,13.93,11.88,8.45,32.04,USD/MT,USD
2025-01-12,13.93,11.92,8.45,32.03,USD/MT,USD
2025-01-13,13.93,11.95,8.46,32.03,USD/MT,USD
2025-01-14,13.93,11.99,8.46,32.02,USD/MT,USD
2025-01-15,13.92,12.02,8.47,32.02,USD/MT,USD
2025-01-16,13.92,12.05,8.47,32.01,USD/MT,USD
2025-01-17,13.92,12.08,8.48,32.01,USD/MT,USD
2025-01-18,13.92,12.1,8.48,32.0,USD/MT,USD
2025-01-19,13.92,12.13,8.48,32.0,USD/MT,USD
2025-01-20,13.92,12.15,8.49,31.99,USD/MT,USD
2025-01-21,13.92,12.17,8.49,31.99,USD/MT,USD
2025-01-22,13.92,12.19,8.49,31.99,USD/MT,USD
2025-01-23,13.93,12.2,8.5,31.99,USD/MT,USD
2025-01-24,13.93,12.22,8.5,31.99,USD/MT,USD
2025-01-25,13.93,12.23,8.5,32.0,USD/MT,USD
2025-01-26,13.94,12.24,8.51,32.0,USD/MT,USD
2025-01-27,13.94,12.25,8.51,32.01,USD/MT,USD
2025-01-28,13.95,12.26,8.51,32.02,USD/MT,USD
2025-01-29,13.96,12.26,8.51,32.03,USD/MT,USD
2025-01-30,13.96,12.27,8.52,32.04,USD/MT,USD
2025-01-31,13.97,12.27,8.52,32.05,USD/MT,USD
2025-02-01,13.98,12.27,8.52,32.07,USD/MT,USD
2025-02-02,13.99,12.27,8.52,32.09,USD/MT,USD
2025-02-03,14.01,12.27,8.53,32.1,USD/MT,USD
2025-02-04,14.02,12.27,8.53,32.13,USD/MT,USD
2025-02-05,14.03,12.27,8.53,32.15,USD/MT,USD
2025-02-06,14.05,12.27,8.53,32.18,USD/MT,USD
2025-02-07,14.07,12.27,8.53,32.21,USD/MT,USD
2025-02-08,14.08,12.27,8.53,32.23,USD/MT,USD
2025-02-09,14.1,12.27,8.54,32.27,USD/MT,USD
2025-02-10,14.12,12.27,8.54,32.3,USD/MT,USD
2025-02-11,14.14,12.27,8.54,32.34,USD/MT,USD
2025-02-12,14.16,12.28,8.54,32.37,USD/MT,USD
2025-02-13,14.19,12.28,8.54,32.41,USD/MT,USD
2025-02-14,14.21,12.29,8.54,32.46,USD/MT,USD
2025-02-15,14.23,12.29,8.54,32.5,USD/MT,USD
2025-02-16,14.26,12.3,8.54,32.54,USD/MT,USD
2025-02-17,14.28,12.31,8.54,32.59,USD/MT,USD
2025-02-18,14.31,12.32,8.54,32.63,USD/MT,USD
2025-02-19,14.34,12.33,8.54,32.68,USD/MT,USD
2025-02-20,14.36,12.34,8.54,32.73,USD/MT,USD
2025-02-21,14.39,12.36,8.55,32.78,USD/MT,USD
2025-02-22,14.42,12.38,8.55,32.83,USD/MT,USD
2025-02-23,14.45,12.39,8.55,32.88,USD/MT,USD
2025-02-24,14.47,12.41,8.55,32.93,USD/MT,USD
2025-02-25,14.5,12.44,8.55,32.99,USD/MT,USD
2025-02-26,14.53,12.46,8.55,33.04,USD/MT,USD
2025-02-27,14.56,12.48,8.55,33.09,USD/MT,USD
2025-02-28,14.59,12.51,8.55,33.14,USD/MT,USD
2025-03-01,14.82,12.72,8.55,33.57,USD/MT,USD
2025-03-02,14.85,12.74,8.55,33.62,USD/MT,USD
2025-03-03,14.87,12.77,8.55,33.67,USD/MT,USD
2025-03-04,14.9,12.8,8.55,33.72,USD/MT,USD
2025-03-05,14.93,12.83,8.55,33.77,USD/MT,USD
2025-03-06,14.95,12.86,8.55,33.81,USD/MT,USD
2025-03-07,14.98,12.89,8.55,33.86,USD/MT,USD
2025-03-08,15.0,12.91,8.55,33.91,USD/MT,USD
2025-03-09,15.02,12.94,8.55,33.95,USD/MT,USD
2025-03-10,15.05,12.97,8.55,33.99,USD/MT,USD
2025-03-11,15.07,13.0,8.55,34.03,USD/MT,USD
2025-03-12,15.09,13.02,8.55,34.07,USD/MT,USD
2025-03-13,15.11,13.04,8.54,34.11,USD/MT,USD
2025-03-14,15.13,13.07,8.54,34.14,USD/MT,USD
2025-03-15,15.14,13.09,8.54,34.17,USD/MT,USD
2025-03-16,15.16,13.11,8.54,34.21,USD/MT,USD
2025-03-17,15.17,13.12,8.54,34.23,USD/MT,USD
2025-03-18,15.19,13.14,8.54,34.26,USD/MT,USD
2025-03-19,15.2,13.15,8.54,34.28,USD/MT,USD
2025-03-20,15.21,13.16,8.54,34.3,USD/MT,USD
2025-03-21,15.22,13.17,8.54,34.32,USD/MT,USD
2025-03-22,15.23,13.18,8.54,34.34,USD/MT,USD
2025-03-23,15.24,13.18,8.54,34.35,USD/MT,USD
2025-03-24,15.24,13.18,8.54,34.36,USD/MT,USD
2025-03-25,15.25,13.18,8.53,34.37,USD/MT,USD
2025-03-26,15.25,13.17,8.53,34.38,USD/MT,USD
2025-03-27,15.25,13.16,8.53,34.38,USD/MT,USD
2025-03-28,15.25,13.15,8.53,34.38,USD/MT,USD
2025-03-29,15.25,13.14,8.53,34.38,USD/MT,USD
2025-03-30,15.25,13.12,8.53,34.38,USD/MT,USD
2025-03-31,15.25,13.11,8.53,34.38,USD/MT,USD
2025-04-01,15.25,13.09,8.52,34.37,USD/MT,USD
2025-04-02,15.24,13.07,8.52,34.36,USD/MT,USD
2025-04-03,15.24,13.04,8.52,34.35,USD/MT,USD
2025-04-04,15.23,13.02,8.52,34.33,USD/MT,USD
2025-04-05,15.22,12.99,8.52,34.32,USD/MT,USD
2025-04-06,15.21,12.96,8.52,34.3,USD/MT,USD
2025-04-07,15.2,12.93,8.51,34.29,USD/MT,USD
2025-04-08,15.2,12.9,8.51,34.27,USD/MT,USD
2025-04-09,15.18,12.87,8.51,34.25,USD/MT,USD
2025-04-10,15.17,12.84,8.51,34.22,USD/MT,USD
2025-04-11,15.16,12.8,8.51,34.2,USD/MT,USD
2025-04-12,15.15,12.77,8.51,34.18,USD/MT,USD
2025-04-13,15.14,12.74,8.51,34.15,USD/MT,USD
2025-04-14,15.13,12.7,8.5,34.13,USD/MT,USD
2025-04-15,15.11,12.67,8.5,34.1,USD/MT,USD
2025-04-16,15.1,12.64,8.5,34.07,USD/MT,USD
2025-04-17,15.09,12.61,8.5,34.05,USD/MT,USD
2025-04-18,15.07,12.58,8.5,34.02,USD/MT,USD
2025-04-19,15.06,12.55,8.5,34.0,USD/MT,USD
2025-04-20,15.05,12.52,8.5,33.97,USD/MT,USD
2025-04-21,15.04,12.5,8.49,33.94,USD/MT,USD
2025-04-22,15.02,12.47,8.49,33.92,USD/MT,USD
2025-04-23,15.01,12.45,8.49,33.89,USD/MT,USD
2025-04-24,15.0,12.43,8.49,33.87,USD/MT,USD
2025-04-25,14.99,12.41,8.49,33.84,USD/MT,USD
2025-04-26,14.98,12.39,8.49,33.82,USD/MT,USD
2025-04-27,14.97,12.37,8.49,33.8,USD/MT,USD
2025-04-28,14.96,12.35,8.49,33.78,USD/MT,USD
2025-04-29,14.95,12.34,8.49,33.76,USD/MT,USD
2025-04-30,14.94,12.33,8.49,33.74,USD/MT,USD
2025-05-01,14.93,12.32,8.49,33.72,USD/MT,USD
2025-05-02,14.92,12.31,8.49,33.7,USD/MT,USD
2025-05-03,14.91,12.3,8.49,33.69,USD/MT,USD
2025-05-04,14.91,12.29,8.49,33.67,USD/MT,USD
2025-05-05,14.9,12.29,8.49,33.66,USD/MT,USD
2025-05-06,14.9,12.28,8.49,33.65,USD/MT,USD
2025-05-07,14.89,12.28,8.49,33.64,USD/MT,USD
2025-05-08,14.89,12.28,8.49,33.63,USD/MT,USD
2025-05-09,14.88,12.27,8.49,33.62,USD/MT,USD
2025-05-10,14.88,12.27,8.49,33.62,USD/MT,USD
2025-05-11,14.88,12.27,8.49,33.61,USD/MT,USD
2025-05-12,14.88,12.27,8.49,33.61,USD/MT,USD
2025-05-13,14.88,12.27,8.49,33.6,USD/MT,USD
2025-05-14,14.88,12.26,8.49,33.6,USD/MT,USD
2025-05-15,14.88,12.26,8.49,33.6,USD/MT,USD
2025-05-16,14.88,12.26,8.49,33.6,USD/MT,USD
2025-05-17,14.88,12.25,8.49,33.6,USD/MT,USD
2025-05-18,14.88,12.25,8.5,33.6,USD/MT,USD
2025-05-19,14.88,12.24,8.5,33.6,USD/MT,USD
2025-05-20,14.88,12.23,8.5,33.61,USD/MT,USD
2025-05-21,14.88,12.22,8.5,33.61,USD/MT,USD
2025-05-22,14.88,12.21,8.5,33.61,USD/MT,USD
2025-05-23,14.89,12.2,8.5,33.62,USD/MT,USD
2025-05-24,14.89,12.19,8.5,33.62,USD/MT,USD
2025-05-25,14.89,12.17,8.5,33.62,USD/MT,USD
2025-05-26,14.89,12.16,8.5,33.63,USD/MT,USD
2025-05-27,14.89,12.14,8.5,33.63,USD/MT,USD
2025-05-28,14.89,12.12,8.51,33.63,USD/MT,USD
2025-05-29,14.89,12.1,8.51,33.64,USD/MT,USD
2025-05-30,14.89,12.08,8.51,33.64,USD/MT,USD
2025-05-31,14.89,12.05,8.51,33.64,USD/MT,USD
2025-06-01,15.04,12.03,8.62,33.64,USD/MT,USD
2025-06-02,15.04,12.0,8.62,33.64,USD/MT,USD
2025-06-03,15.03,11.97,8.62,33.64,USD/MT,USD
2025-06-04,15.03,11.94,8.62,33.63,USD/MT,USD
2025-06-05,15.03,11.91,8.62,33.63,USD/MT,USD
2025-06-06,15.02,11.88,8.62,33.62,USD/MT,USD
2025-06-07,15.02,11.85,8.62,33.61,USD/MT,USD
2025-06-08,15.01,11.82,8.61,33.61,USD/MT,USD
2025-06-09,15.0,11.79,8.61,33.59,USD/MT,USD
2025-06-10,15.0,11.76,8.61,33.58,USD/MT,USD
2025-06-11,14.99,11.72,8.61,33.57,USD/MT,USD
2025-06-12,14.98,11.69,8.61,33.55,USD/MT,USD
2025-06-13,14.96,11.66,8.61,33.53,USD/MT,USD
2025-06-14,14.95,11.63,8.61,33.51,USD/MT,USD
2025-06-15,14.94,11.6,8.6,33.49,USD/MT,USD
2025-06-16,14.92,11.57,8.6,33.46,USD/MT,USD
2025-06-17,14.91,11.54,8.6,33.44,USD/MT,USD
2025-06-18,14.89,11.52,8.6,33.41,USD/MT,USD
2025-06-19,14.87,11.49,8.59,33.38,USD/MT,USD
2025-06-20,14.85,11.47,8.59,33.34,USD/MT,USD
2025-06-21,14.83,11.45,8.59,33.31,USD/MT,USD
2025-06-22,14.81,11.43,8.58,33.27,USD/MT,USD
2025-06-23,14.79,11.41,8.58,33.23,USD/MT,USD
2025-06-24,14.76,11.39,8.57,33.19,USD/MT,USD
2025-06-25,14.74,11.38,8.57,33.15,USD/MT,USD
2025-06-26,14.71,11.36,8.56,33.1,USD/MT,USD
2025-06-27,14.69,11.35,8.56,33.05,USD/MT,USD
2025-06-28,14.66,11.34,8.55,33.01,USD/MT,USD
2025-06-29,14.63,11.34,8.54,32.95,USD/MT,USD
2025-06-30,14.6,11.33,8.54,32.9,USD/MT,USD
2025-07-01,14.57,11.33,8.53,32.85,USD/MT,USD
2025-07-02,14.54,11.33,8.52,32.79,USD/MT,USD
2025-07-03,14.51,11.33,8.52,32.74,USD/MT,USD
2025-07-04,14.48,11.33,8.51,32.68,USD/MT,USD
2025-07-05,14.44,11.33,8.5,32.62,USD/MT,USD
2025-07-06,14.41,11.34,8.49,32.56,USD/MT,USD
2025-07-07,14.38,11.34,8.49,32.5,USD/MT,USD
2025-07-08,14.34,11.35,8.48,32.44,USD/MT,USD
2025-07-09,14.31,11.35,8.47,32.37,USD/MT,USD
2025-07-10,14.28,11.36,8.46,32.31,USD/MT,USD
2025-07-11,14.24,11.37,8.45,32.25,USD/MT,USD
2025-07-12,14.21,11.38,8.44,32.18,USD/MT,USD
2025-07-13,14.17,11.39,8.43,32.12,USD/MT,USD
2025-07-14,14.14,11.4,8.42,32.06,USD/MT,USD
2025-07-15,14.11,11.4,8.42,32.0,USD/MT,USD
2025-07-16,14.07,11.41,8.41,31.93,USD/MT,USD
2025-07-17,14.04,11.42,8.4,31.87,USD/MT,USD
2025-07-18,14.01,11.42,8.39,31.81,USD/MT,USD
2025-07-19,13.97,11.43,8.38,31.75,USD/MT,USD
2025-07-20,13.94,11.43,8.37,31.69,USD/MT,USD
2025-07-21,13.91,11.44,8.36,31.63,USD/MT,USD
2025-07-22,13.88,11.44,8.35,31.57,USD/MT,USD
2025-07-23,13.85,11.44,8.34,31.52,USD/MT,USD
2025-07-24,13.82,11.43,8.33,31.46,USD/MT,USD
2025-07-25,13.79,11.43,8.32,31.41,USD/MT,USD
2025-07-26,13.76,11.43,8.31,31.35,USD/MT,USD
2025-07-27,13.74,11.42,8.3,31.3,USD/MT,USD
2025-07-28,13.71,11.41,8.3,31.25,USD/MT,USD
2025-07-29,13.68,11.4,8.29,31.21,USD/MT,USD
2025-07-30,13.66,11.39,8.28,31.16,USD/MT,USD
2025-07-31,13.64,11.37,8.27,31.12,USD/MT,USD
2025-08-01,13.61,11.36,8.26,31.07,USD/MT,USD
2025-08-02,13.59,11.34,8.26,31.03,USD/MT,USD
2025-08-03,13.57,11.32,8.25,31.0,USD/MT,USD
2025-08-04,13.55,11.3,8.24,30.96,USD/MT,USD
2025-08-05,13.54,11.28,8.23,30.92,USD/MT,USD
2025-08-06,13.52,11.26,8.23,30.89,USD/MT,USD
2025-08-07,13.5,11.24,8.22,30.86,USD/MT,USD
2025-08-08,13.49,11.21,8.22,30.83,USD/MT,USD
2025-08-09,13.47,11.19,8.21,30.8,USD/MT,USD
2025-08-10,13.46,11.16,8.21,30.78,USD/MT,USD
2025-08-11,13.45,11.14,8.2,30.75,USD/MT,USD
2025-08-12,13.43,11.11,8.2,30.73,USD/MT,USD
2025-08-13,13.42,11.09,8.19,30.71,USD/MT,USD
2025-08-14,13.41,11.06,8.19,30.69,USD/MT,USD
2025-08-15,13.4,11.04,8.19,30.68,USD/MT,USD
2025-08-16,13.39,11.02,8.18,30.66,USD/MT,USD
2025-08-17,13.39,10.99,8.18,30.65,USD/MT,USD
2025-08-18,13.38,10.97,8.18,30.63,USD/MT,USD
2025-08-19,13.37,10.95,8.18,30.62,USD/MT,USD
2025-08-20,13.37,10.93,8.18,30.61,USD/MT,USD
2025-08-21,13.36,10.92,8.17,30.6,USD/MT,USD
2025-08-22,13.36,10.9,8.17,30.59,USD/MT,USD
2025-08-23,13.35,10.89,8.17,30.59,USD/MT,USD
2025-08-24,13.35,10.88,8.17,30.58,USD/MT,USD
2025-08-25,13.34,10.87,8.18,30.57,USD/MT,USD
2025-08-26,13.34,10.86,8.18,30.57,USD/MT,USD
2025-08-27,13.33,10.85,8.18,30.56,USD/MT,USD
2025-08-28,13.33,10.85,8.18,30.56,USD/MT,USD
2025-08-29,13.33,10.85,8.18,30.55,USD/MT,USD
2025-08-30,13.32,10.85,8.18,30.55,USD/MT,USD
2025-08-31,13.32,10.85,8.19,30.54,USD/MT,USD
2025-09-01,13.32,10.86,8.19,30.54,USD/MT,USD
2025-09-02,13.31,10.86,8.19,30.53,USD/MT,USD
2025-09-03,13.31,10.87,8.2,30.53,USD/MT,USD
2025-09-04,13.3,10.88,8.2,30.52,USD/MT,USD
2025-09-05,13.3,10.89,8.21,30.52,USD/MT,USD
2025-09-06,13.29,10.91,8.21,30.51,USD/MT,USD
2025-09-07,13.29,10.92,8.21,30.51,USD/MT,USD
2025-09-08,13.28,10.94,8.22,30.5,USD/MT,USD
2025-09-09,13.28,10.95,8.22,30.49,USD/MT,USD
2025-09-10,13.27,10.97,8.23,30.48,USD/MT,USD
2025-09-11,13.26,10.99,8.23,30.47,USD/MT,USD
2025-09-12,13.26,11.01,8.24,30.46,USD/MT,USD
2025-09-13,13.25,11.02,8.25,30.45,USD/MT,USD
2025-09-14,13.24,11.04,8.25,30.44,USD/MT,USD
2025-09-15,13.23,11.06,8.26,30.43,USD/MT,USD
2025-09-16,13.22,11.08,8.26,30.42,USD/MT,USD
2025-09-17,13.21,11.1,8.27,30.4,USD/MT,USD
2025-09-18,13.21,11.11,8.27,30.39,USD/MT,USD
2025-09-19,13.2,11.13,8.28,30.37,USD/MT,USD
2025-09-20,13.18,11.14,8.28,30.36,USD/MT,USD
2025-09-21,13.17,11.16,8.29,30.34,USD/MT,USD
2025-09-22,13.16,11.17,8.3,30.32,USD/MT,USD
2025-09-23,13.15,11.18,8.3,30.31,USD/MT,USD
2025-09-24,13.14,11.19,8.31,30.29,USD/MT,USD
2025-09-25,13.13,11.19,8.31,30.27,USD/MT,USD
2025-09-26,13.12,11.2,8.32,30.25,USD/MT,USD
2025-09-27,13.1,11.2,8.32,30.23,USD/MT,USD
2025-09-28,13.09,11.2,8.32,30.21,USD/MT,USD
2025-09-29,13.08,11.2,8.33,30.19,USD/MT,USD
2025-09-30,13.07,11.2,8.33,30.17,USD/MT,USD
2025-10-01,12.91,11.19,8.23,30.15,USD/MT,USD
2025-10-02,12.9,11.18,8.23,30.13,USD/MT,USD
2025-10-03,12.89,11.17,8.24,30.11,USD/MT,USD
2025-10-04,12.88,11.16,8.24,30.09,USD/MT,USD
2025-10-05,12.86,11.15,8.24,30.07,USD/MT,USD
2025-10-06,12.85,11.13,8.25,30.05,USD/MT,USD
2025-10-07,12.84,11.12,8.25,30.03,USD/MT,USD
2025-10-08,12.83,11.1,8.25,30.01,USD/MT,USD
2025-10-09,12.82,11.08,8.25,30.0,USD/MT,USD
2025-10-10,12.81,11.06,8.25,29.98,USD/MT,USD
2025-10-11,12.8,11.04,8.25,29.97,USD/MT,USD
2025-10-12,12.8,11.02,8.26,29.95,USD/MT,USD
2025-10-13,12.79,10.99,8.26,29.94,USD/MT,USD
2025-10-14,12.78,10.97,8.26,29.93,USD/MT,USD
2025-10-15,12.78,10.95,8.26,29.92,USD/MT,USD
2025-10-16,12.77,10.93,8.26,29.91,USD/MT,USD
2025-10-17,12.77,10.9,8.26,29.9,USD/MT,USD
2025-10-18,12.76,10.88,8.26,29.9,USD/MT,USD
2025-10-19,12.76,10.86,8.26,29.89,USD/MT,USD
2025-10-20,12.76,10.84,8.26,29.89,USD/MT,USD
2025-10-21,12.76,10.82,8.25,29.89,USD/MT,USD
2025-10-22,12.76,10.8,8.25,29.89,USD/MT,USD
2025-10-23,12.77,10.79,8.25,29.89,USD/MT,USD
2025-10-24,12.77,10.77,8.25,29.9,USD/MT,USD
2025-10-25,12.77,10.76,8.25,29.91,USD/MT,USD
2025-10-26,12.78,10.75,8.25,29.92,USD/MT,USD
2025-10-27,12.79,10.74,8.24,29.93,USD/MT,USD
2025-10-28,12.8,10.73,8.24,29.94,USD/MT,USD
2025-10-29,12.8,10.72,8.24,29.96,USD/MT,USD
2025-10-30,12.82,10.72,8.24,29.98,USD/MT,USD
2025-10-31,12.83,10.72,8.23,30.0,USD/MT,USD
2025-11-01,12.84,10.72,8.23,30.02,USD/MT,USD
2025-11-02,12.85,10.72,8.23,30.04,USD/MT,USD
2025-11-03,12.87,10.72,8.23,30.07,USD/MT,USD
2025-11-04,12.89,10.73,8.22,30.1,USD/MT,USD
2025-11-05,12.9,10.74,8.22,30.13,USD/MT,USD
2025-11-06,12.92,10.75,8.22,30.16,USD/MT,USD
2025-11-07,12.94,10.77,8.21,30.2,USD/MT,USD
2025-11-08,12.96,10.78,8.21,30.24,USD/MT,USD
2025-11-09,12.98,10.8,8.21,30.27,USD/MT,USD
2025-11-10,13.01,10.81,8.21,30.31,USD/MT,USD
2025-11-11,13.03,10.83,8.2,30.36,USD/MT,USD
2025-11-12,13.05,10.85,8.2,30.4,USD/MT,USD
2025-11-13,13.08,10.88,8.2,30.45,USD/MT,USD
2025-11-14,13.1,10.9,8.2,30.49,USD/MT,USD
2025-11-15,13.13,10.92,8.2,30.54,USD/MT,USD
2025-11-16,13.16,10.95,8.19,30.59,USD/MT,USD
2025-11-17,13.19,10.97,8.19,30.64,USD/MT,USD
2025-11-18,13.21,10.99,8.19,30.69,USD/MT,USD
2025-11-19,13.24,11.02,8.19,30.74,USD/MT,USD
2025-11-20,13.27,11.04,8.19,30.8,USD/MT,USD
2025-11-21,13.3,11.07,8.19,30.85,USD/MT,USD
2025-11-22,13.33,11.09,8.19,30.91,USD/MT,USD
2025-11-23,13.36,11.11,8.19,30.96,USD/MT,USD
2025-11-24,13.39,11.13,8.19,31.02,USD/MT,USD
2025-11-25,13.42,11.15,8.19,31.07,USD/MT,USD
2025-11-26,13.45,11.17,8.19,31.13,USD/MT,USD
2025-11-27,13.48,11.19,8.19,31.19,USD/MT,USD
2025-11-28,13.51,11.21,8.2,31.24,USD/MT,USD
2025-11-29,13.54,11.23,8.2,31.3,USD/MT,USD
2025-11-30,13.57,11.24,8.2,31.36,USD/MT,USD
2025-12-01,13.6,11.26,8.2,31.41,USD/MT,USD
2025-12-02,13.63,11.27,8.21,31.47,USD/MT,USD
2025-12-03,13.66,11.28,8.21,31.52,USD/MT,USD
2025-12-04,13.69,11.29,8.21,31.58,USD/MT,USD
2025-12-05,13.71,11.3,8.22,31.63,USD/MT,USD
2025-12-06,13.74,11.31,8.22,31.69,USD/MT,USD
2025-12-07,13.77,11.31,8.22,31.74,USD/MT,USD
2025-12-08,13.8,11.32,8.23,31.79,USD/MT,USD
2025-12-09,13.82,11.32,8.23,31.84,USD/MT,USD
2025-12-10,13.85,11.33,8.24,31.89,USD/MT,USD
2025-12-11,13.88,11.33,8.24,31.94,USD/MT,USD
2025-12-12,13.9,11.34,8.25,31.99,USD/MT,USD
2025-12-13,13.93,11.34,8.26,32.04,USD/MT,USD
2025-12-14,13.95,11.34,8.26,32.09,USD/MT,USD
2025-12-15,13.97,11.34,8.27,32.14,USD/MT,USD
2025-12-16,14.0,11.35,8.28,32.18,USD/MT,USD
2025-12-17,14.02,11.35,8.28,32.23,USD/MT,USD
2025-12-18,14.04,11.35,8.29,32.27,USD/MT,USD
2025-12-19,14.06,11.36,8.3,32.31,USD/MT,USD
2025-12-20,14.09,11.36,8.31,32.35,USD/MT,USD
2025-12-21,14.11,11.37,8.31,32.4,USD/MT,USD
2025-12-22,14.13,11.37,8.32,32.44,USD/MT,USD
2025-12-23,14.15,11.38,8.33,32.48,USD/MT,USD
2025-12-24,14.17,11.39,8.34,32.51,USD/MT,USD
2025-12-25,14.19,11.4,8.35,32.55,USD/MT,USD
2025-12-26,14.2,11.42,8.36,32.59,USD/MT,USD
2025-12-27,14.22,11.43,8.37,32.63,USD/MT,USD
2025-12-28,14.24,11.45,8.37,32.66,USD/MT,USD
2025-12-29,14.26,11.47,8.38,32.7,USD/MT,USD
2025-12-30,14.28,11.49,8.39,32.73,USD/MT,USD
2025-12-31,14.29,11.51,8.4,32.77,USD/MT,USD
2026-01-01,14.11,11.35,8.41,32.44,USD/MT,USD
2026-01-02,14.13,11.38,8.42,32.47,USD/MT,USD
2026-01-03,14.15,11.41,8.43,32.5,USD/MT,USD
2026-01-04,14.17,11.44,8.44,32.54,USD/MT,USD
2026-01-05,14.18,11.47,8.45,32.57,USD/MT,USD
2026-01-06,14.2,11.5,8.46,32.61,USD/MT,USD
2026-01-07,14.22,11.54,8.46,32.64,USD/MT,USD
2026-01-08,14.24,11.57,8.47,32.67,USD/MT,USD
2026-01-09,14.25,11.61,8.48,32.71,USD/MT,USD
2026-01-10,14.27,11.65,8.49,32.74,USD/MT,USD
2026-01-11,14.29,11.69,8.5,32.78,USD/MT,USD
2026-01-12,14.31,11.73,8.51,32.81,USD/MT,USD
2026-01-13,14.33,11.78,8.52,32.85,USD/MT,USD
2026-01-14,14.35,11.82,8.52,32.88,USD/MT,USD
2026-01-15,14.37,11.86,8.53,32.92,USD/MT,USD
2026-01-16,14.39,11.9,8.54,32.96,USD/MT,USD
2026-01-17,14.41,11.95,8.55,32.99,USD/MT,USD
2026-01-18,14.43,11.99,8.56,33.03,USD/MT,USD
2026-01-19,14.45,12.03,8.56,33.07,USD/MT,USD
2026-01-20,14.48,12.07,8.57,33.11,USD/MT,USD
2026-01-21,14.5,12.12,8.58,33.15,USD/MT,USD
2026-01-22,14.52,12.16,8.58,33.19,USD/MT,USD
2026-01-23,14.54,12.19,8.59,33.23,USD/MT,USD
2026-01-24,14.57,12.23,8.6,33.27,USD/MT,USD
2026-01-25,14.59,12.27,8.6,33.32,USD/MT,USD
2026-01-26,14.62,12.3,8.61,33.36,USD/MT,USD
2026-01-27,14.64,12.34,8.62,33.4,USD/MT,USD
2026-01-28,14.67,12.37,8.62,33.45,USD/MT,USD
2026-01-29,14.69,12.4,8.63,33.5,USD/MT,USD
2026-01-30,14.72,12.42,8.63,33.54,USD/MT,USD
2026-01-31,14.75,12.45,8.64,33.59,USD/MT,USD
2026-02-01,14.77,12.47,8.64,33.64,USD/MT,USD
2026-02-02,14.8,12.49,8.65,33.68,USD/MT,USD
2026-02-03,14.83,12.51,8.65,33.73,USD/MT,USD
2026-02-04,14.86,12.53,8.66,33.78,USD/MT,USD
2026-02-05,14.88,12.54,8.66,33.83,USD/MT,USD
2026-02-06,14.91,12.56,8.66,33.88,USD/MT,USD
2026-02-07,14.94,12.57,8.67,33.93,USD/MT,USD
2026-02-08,14.97,12.58,8.67,33.98,USD/MT,USD
2026-02-09,15.0,12.58,8.68,34.03,USD/MT,USD
2026-02-10,15.02,12.59,8.68,34.08,USD/MT,USD
2026-02-11,15.05,12.59,8.68,34.12,USD/MT,USD
2026-02-12,15.08,12.6,8.69,34.17,USD/MT,USD
2026-02-13,15.11,12.6,8.69,34.22,USD/MT,USD
2026-02-14,15.13,12.6,8.69,34.27,USD/MT,USD
2026-02-15,15.16,12.6,8.69,34.32,USD/MT,USD
2026-02-16,15.19,12.6,8.7,34.37,USD/MT,USD
2026-02-17,15.21,12.6,8.7,34.41,USD/MT,USD
2026-02-18,15.24,12.6,8.7,34.46,USD/MT,USD
2026-02-19,15.26,12.6,8.7,34.5,USD/MT,USD
2026-02-20,15.29,12.6,8.71,34.55,USD/MT,USD
2026-02-21,15.31,12.6,8.71,34.59,USD/MT,USD
2026-02-22,15.33,12.6,8.71,34.63,USD/MT,USD
2026-02-23,15.36,12.6,8.71,34.67,USD/MT,USD
2026-02-24,15.38,12.6,8.71,34.71,USD/MT,USD
2026-02-25,15.4,12.61,8.71,34.75,USD/MT,USD
2026-02-26,15.42,12.61,8.72,34.79,USD/MT,USD
2026-02-27,15.44,12.62,8.72,34.82,USD/MT,USD
2026-02-28,15.46,12.62,8.72,34.86,USD/MT,USD
2026-03-01,15.68,12.81,8.72,35.26,USD/MT,USD
2026-03-02,15.7,12.82,8.72,35.3,USD/MT,USD
2026-03-03,15.71,12.84,8.72,35.32,USD/MT,USD
2026-03-04,15.73,12.85,8.72,35.35,USD/MT,USD
2026-03-05,15.74,12.86,8.72,35.38,USD/MT,USD
2026-03-06,15.75,12.88,8.72,35.4,USD/MT,USD
2026-03-07,15.76,12.89,8.72,35.43,USD/MT,USD
2026-03-08,15.77,12.91,8.72,35.45,USD/MT,USD
2026-03-09,15.78,12.93,8.72,35.47,USD/MT,USD
2026-03-10,15.79,12.95,8.73,35.48,USD/MT,USD
2026-03-11,15.8,12.98,8.73,35.5,USD/MT,USD
2026-03-12,15.81,13.0,8.73,35.51,USD/MT,USD
2026-03-13,15.81,13.03,8.73,35.52,USD/MT,USD
2026-03-14,15.82,13.05,8.73,35.53,USD/MT,USD
2026-03-15,15.82,13.08,8.73,35.54,USD/MT,USD
2026-03-16,15.82,13.1,8.73,35.55,USD/MT,USD
2026-03-17,15.82,13.13,8.73,35.55,USD/MT,USD
2026-03-18,15.82,13.16,8.73,35.55,USD/MT,USD
2026-03-19,15.82,13.18,8.72,35.56,USD/MT,USD
2026-03-20,15.82,13.21,8.72,35.56,USD/MT,USD
2026-03-21,15.82,13.24,8.72,35.55,USD/MT,USD
2026-03-22,15.82,13.26,8.72,35.55,USD/MT,USD
2026-03-23,15.81,13.29,8.72,35.54,USD/MT,USD
2026-03-24,15.81,13.31,8.72,35.54,USD/MT,USD
2026-03-25,15.8,13.33,8.72,35.53,USD/MT,USD
2026-03-26,15.8,13.35,8.72,35.52,USD/MT,USD
2026-03-27,15.79,13.37,8.72,35.51,USD/MT,USD
2026-03-28,15.78,13.39,8.72,35.5,USD/MT,USD
2026-03-29,15.77,13.4,8.72,35.49,USD/MT,USD
2026-03-30,15.76,13.41,8.72,35.47,USD/MT,USD
2026-03-31,15.76,13.42,8.71,35.46,USD/MT,USD
2026-04-01,15.75,13.43,8.71,35.44,USD/MT,USD
2026-04-02,15.74,13.44,8.71,35.43,USD/MT,USD
2026-04-03,15.73,13.44,8.71,35.41,USD/MT,USD
2026-04-04,15.72,13.44,8.71,35.39,USD/MT,USD
2026-04-05,15.7,13.44,8.71,35.37,USD/MT,USD
2026-04-06,15.69,13.43,8.7,35.35,USD/MT,USD
2026-04-07,15.68,13.43,8.7,35.33,USD/MT,USD
2026-04-08,15.67,13.42,8.7,35.31,USD/MT,USD
2026-04-09,15.66,13.4,8.7,35.29,USD/MT,USD
2026-04-10,15.65,13.39,8.7,35.27,USD/MT,USD
2026-04-11,15.64,13.37,8.69,35.25,USD/MT,USD
2026-04-12,15.62,13.35,8.69,35.23,USD/MT,USD
2026-04-13,15.61,13.33,8.69,35.21,USD/MT,USD
2026-04-14,15.6,13.3,8.69,35.19,USD/MT,USD
2026-04-15,15.59,13.27,8.69,35.17,USD/MT,USD
2026-04-16,15.58,13.25,8.68,35.14,USD/MT,USD
2026-04-17,15.57,13.22,8.68,35.12,USD/MT,USD
2026-04-18,15.56,13.18,8.68,35.1,USD/MT,USD
2026-04-19,15.54,13.15,8.68,35.08,USD/MT,USD
2026-04-20,15.53,13.12,8.67,35.06,USD/MT,USD
2026-04-21,15.52,13.08,8.67,35.04,USD/MT,USD
2026-04-22,15.51,13.05,8.67,35.01,USD/MT,USD
2026-04-23,15.5,13.01,8.67,34.99,USD/MT,USD
2026-04-24,15.49,12.98,8.66,34.97,USD/MT,USD
2026-04-25,15.48,12.94,8.66,34.95,USD/MT,USD
2026-04-26,15.47,12.9,8.66,34.93,USD/MT,USD
2026-04-27,15.46,12.87,8.66,34.91,USD/MT,USD
2026-04-28,15.45,12.83,8.65,34.89,USD/MT,USD
2026-04-29,15.44,12.8,8.65,34.86,USD/MT,USD
2026-04-30,15.43,12.77,8.65,34.84,USD/MT,USD
2026-05-01,15.42,12.74,8.65,34.82,USD/MT,USD
2026-05-02,15.41,12.7,8.64,34.8,USD/MT,USD
2026-05-03,15.4,12.67,8.64,34.78,USD/MT,USD
2026-05-04,15.39,12.65,8.64,34.76,USD/MT,USD
2026-05-05,15.37,12.62,8.64,34.73,USD/MT,USD
2026-05-06,15.36,12.59,8.64,34.71,USD/MT,USD
2026-05-07,15.35,12.57,8.63,34.69,USD/MT,USD
2026-05-08,15.34,12.55,8.63,34.67,USD/MT,USD
2026-05-09,15.33,12.53,8.63,34.64,USD/MT,USD
2026-05-10,15.32,12.51,8.63,34.62,USD/MT,USD
2026-05-11,15.31,12.49,8.63,34.6,USD/MT,USD
2026-05-12,15.3,12.48,8.62,34.57,USD/MT,USD
2026-05-13,15.28,12.46,8.62,34.55,USD/MT,USD
2026-05-14,15.27,12.45,8.62,34.52,USD/MT,USD
2026-05-15,15.26,12.44,8.62,34.49,USD/MT,USD
2026-05-16,15.24,12.43,8.62,34.47,USD/MT,USD
2026-05-17,15.23,12.42,8.62,34.44,USD/MT,USD
2026-05-18,15.22,12.41,8.62,34.41,USD/MT,USD
2026-05-19,15.2,12.41,8.62,34.38,USD/MT,USD
2026-05-20,15.18,12.4,8.61,34.35,USD/MT,USD
2026-05-21,15.17,12.4,8.61,34.32,USD/MT,USD
2026-05-22,15.15,12.39,8.61,34.28,USD/MT,USD
2026-05-23,15.13,12.39,8.61,34.25,USD/MT,USD
2026-05-24,15.12,12.38,8.61,34.21,USD/MT,USD
2026-05-25,15.1,12.38,8.61,34.18,USD/MT,USD
2026-05-26,15.08,12.37,8.61,34.14,USD/MT,USD
2026-05-27,15.06,12.36,8.61,34.1,USD/MT,USD
2026-05-28,15.04,12.36,8.61,34.07,USD/MT,USD
2026-05-29,15.01,12.35,8.61,34.02,USD/MT,USD
2026-05-30,14.99,12.34,8.61,33.98,USD/MT,USD
2026-05-31,14.97,12.33,8.61,33.94,USD/MT,USD
2026-06-01,15.09,12.32,8.72,33.9,USD/MT,USD
2026-06-02,15.07,12.31,8.72,33.85,USD/MT,USD
2026-06-03,15.04,12.3,8.72,33.81,USD/MT,USD
2026-06-04,15.02,12.28,8.72,33.76,USD/MT,USD
2026-06-05,14.99,12.27,8.72,33.71,USD/MT,USD
2026-06-06,14.96,12.25,8.72,33.66,USD/MT,USD
2026-06-07,14.93,12.23,8.72,33.61,USD/MT,USD
2026-06-08,14.91,12.21,8.72,33.56,USD/MT,USD
2026-06-09,14.88,12.19,8.71,33.51,USD/MT,USD
2026-06-10,14.85,12.16,8.71,33.46,USD/MT,USD
2026-06-11,14.82,12.14,8.71,33.4,USD/MT,USD
2026-06-12,14.79,12.11,8.71,33.35,USD/MT,USD
2026-06-13,14.76,12.08,8.71,33.29,USD/MT,USD
2026-06-14,14.73,12.05,8.71,33.24,USD/MT,USD
2026-06-15,14.69,12.02,8.71,33.18,USD/MT,USD
2026-06-16,14.66,11.99,8.71,33.12,USD/MT,USD
2026-06-17,14.63,11.96,8.71,33.06,USD/MT,USD
2026-06-18,14.6,11.92,8.71,33.01,USD/MT,USD
2026-06-19,14.56,11.89,8.7,32.95,USD/MT,USD
2026-06-20,14.53,11.86,8.7,32.89,USD/MT,USD
2026-06-21,14.5,11.82,8.7,32.83,USD/MT,USD
2026-06-22,14.47,11.79,8.7,32.77,USD/MT,USD
2026-06-23,14.43,11.75,8.7,32.71,USD/MT,USD
2026-06-24,14.4,11.72,8.69,32.65,USD/MT,USD
2026-06-25,14.37,11.68,8.69,32.6,USD/MT,USD
2026-06-26,14.33,11.65,8.69,32.54,USD/MT,USD
2026-06-27,14.3,11.62,8.68,32.48,USD/MT,USD
2026-06-28,14.27,11.59,8.68,32.42,USD/MT,USD
2026-06-29,14.24,11.56,8.67,32.36,USD/MT,USD
2026-06-30,14.21,11.53,8.67,32.31,USD/MT,USD
2026-07-01,14.17,11.5,8.67,32.25,USD/MT,USD
2026-07-02,14.14,11.48,8.66,32.2,USD/MT,USD
2026-07-03,14.11,11.45,8.66,32.14,USD/MT,USD
2026-07-04,14.08,11.43,8.65,32.09,USD/MT,USD
2026-07-05,14.05,11.41,8.64,32.03,USD/MT,USD
2026-07-06,14.02,11.39,8.64,31.98,USD/MT,USD
2026-07-07,13.99,11.37,8.63,31.93,USD/MT,USD
2026-07-08,13.97,11.36,8.63,31.88,USD/MT,USD
2026-07-09,13.94,11.35,8.62,31.83,USD/MT,USD
2026-07-10,13.91,11.34,8.61,31.78,USD/MT,USD
2026-07-11,13.89,11.33,8.6,31.73,USD/MT,USD
2026-07-12,13.86,11.32,8.6,31.69,USD/MT,USD
2026-07-13,13.84,11.32,8.59,31.64,USD/MT,USD
2026-07-14,13.81,11.31,8.58,31.6,USD/MT,USD
2026-07-15,13.79,11.31,8.57,31.55,USD/MT,USD
2026-07-16,13.77,11.31,8.56,31.51,USD/MT,USD
2026-07-17,13.75,11.31,8.55,31.47,USD/MT,USD
2026-07-18,13.73,11.32,8.55,31.43,USD/MT,USD
2026-07-19,13.71,11.32,8.54,31.39,USD/MT,USD
2026-07-20,13.69,11.32,8.53,31.36,USD/MT,USD
2026-07-21,13.67,11.33,8.52,31.32,USD/MT,USD
2026-07-22,13.65,11.34,8.51,31.29,USD/MT,USD
2026-07-23,13.63,11.34,8.5,31.25,USD/MT,USD
2026-07-24,13.61,11.35,8.49,31.22,USD/MT,USD
2026-07-25,13.6,11.36,8.48,31.19,USD/MT,USD
2026-07-26,13.58,11.36,8.47,31.16,USD/MT,USD
2026-07-27,13.57,11.37,8.46,31.13,USD/MT,USD
2026-07-28,13.55,11.38,8.45,31.1,USD/MT,USD
2026-07-29,13.54,11.38,8.44,31.07,USD/MT,USD
2026-07-30,13.53,11.39,8.42,31.04,USD/MT,USD
2026-07-31,13.51,11.39,8.41,31.02,USD/MT,USD
2026-08-01,13.5,11.4,8.4,30.99,USD/MT,USD
2026-08-02,13.49,11.4,8.39,30.97,USD/MT,USD
2026-08-03,13.48,11.4,8.38,30.95,USD/MT,USD
2026-08-04,13.47,11.4,8.37,30.92,USD/MT,USD
2026-08-05,13.46,11.39,8.36,30.9,USD/MT,USD
2026-08-06,13.45,11.39,8.35,30.88,USD/MT,USD
2026-08-07,13.44,11.38,8.34,30.85,USD/MT,USD
2026-08-08,13.43,11.38,8.33,30.83,USD/MT,USD
2026-08-09,13.42,11.37,8.32,30.81,USD/MT,USD
2026-08-10,13.41,11.36,8.31,30.79,USD/MT,USD
2026-08-11,13.4,11.34,8.3,30.77,USD/MT,USD
2026-08-12,13.39,11.33,8.29,30.75,USD/MT,USD
2026-08-13,13.38,11.31,8.29,30.73,USD/MT,USD
2026-08-14,13.37,11.29,8.28,30.71,USD/MT,USD
2026-08-15,13.36,11.28,8.27,30.69,USD/MT,USD
2026-08-16,13.35,11.26,8.26,30.67,USD/MT,USD
2026-08-17,13.34,11.23,8.25,30.65,USD/MT,USD
2026-08-18,13.33,11.21,8.24,30.63,USD/MT,USD
2026-08-19,13.33,11.19,8.24,30.61,USD/MT,USD
2026-08-20,13.32,11.16,8.23,30.59,USD/MT,USD
2026-08-21,13.31,11.14,8.22,30.57,USD/MT,USD
2026-08-22,13.3,11.11,8.22,30.55,USD/MT,USD
2026-08-23,13.29,11.09,8.21,30.53,USD/MT,USD
2026-08-24,13.28,11.06,8.21,30.51,USD/MT,USD
2026-08-25,13.27,11.04,8.2,30.49,USD/MT,USD
2026-08-26,13.26,11.01,8.2,30.47,USD/MT,USD
2026-08-27,13.25,10.99,8.19,30.45,USD/MT,USD
2026-08-28,13.24,10.97,8.19,30.42,USD/MT,USD
2026-08-29,13.22,10.94,8.19,30.4,USD/MT,USD
2026-08-30,13.21,10.92,8.18,30.38,USD/MT,USD
2026-08-31,13.2,10.9,8.18,30.36,USD/MT,USD
