date,usd_inr,global_mfg_pmi
2020-01-01,71.34,58.43
2020-01-02,71.34,58.43
2020-01-03,71.76,58.43
2020-01-04,71.76,58.43
2020-01-05,71.76,58.43
2020-01-06,71.86,58.43
2020-01-07,71.84,58.43
2020-01-08,71.51,58.43
2020-01-09,71.16,58.43
2020-01-10,70.94,58.43
2020-01-11,70.94,58.43
2020-01-12,70.94,58.43
2020-01-13,70.74,58.43
2020-01-14,70.85,58.43
2020-01-15,70.69,58.43
2020-01-16,70.95,58.43
2020-01-17,71.08,58.43
2020-01-18,71.08,58.43
2020-01-19,71.08,58.43
2020-01-20,71.08,58.43
2020-01-21,71.17,58.43
2020-01-22,71.07,58.43
2020-01-23,71.45,58.43
2020-01-24,71.31,58.43
2020-01-25,71.31,58.43
2020-01-26,71.31,58.43
2020-01-27,71.45,58.43
2020-01-28,71.24,58.43
2020-01-29,71.35,58.43
2020-01-30,71.57,58.43
2020-01-31,71.53,58.43
2020-02-01,71.53,58.5
2020-02-02,71.53,58.5
2020-02-03,71.32,58.5
2020-02-04,71.11,58.5
2020-02-05,71.19,58.5
2020-02-06,71.19,58.5
2020-02-07,71.47,58.5
2020-02-08,71.47,58.5
2020-02-09,71.47,58.5
2020-02-10,71.28,58.5
2020-02-11,71.25,58.5
2020-02-12,71.29,58.5
2020-02-13,71.27,58.5
2020-02-14,71.52,58.5
2020-02-15,71.52,58.5
2020-02-16,71.52,58.5
2020-02-17,71.52,58.5
2020-02-18,71.56,58.5
2020-02-19,71.55,58.5
2020-02-20,71.67,58.5
2020-02-21,71.9,58.5
2020-02-22,71.9,58.5
2020-02-23,71.9,58.5
2020-02-24,71.92,58.5
2020-02-25,71.81,58.5
2020-02-26,71.58,58.5
2020-02-27,71.65,58.5
2020-02-28,72.53,58.5
2020-02-29,72.53,58.5
2020-03-01,72.53,57.12
2020-03-02,72.88,57.12
2020-03-03,73.03,57.12
2020-03-04,73.49,57.12
2020-03-05,73.5,57.12
2020-03-06,74.0,57.12
2020-03-07,74.0,57.12
2020-03-08,74.0,57.12
2020-03-09,74.21,57.12
2020-03-10,74.15,57.12
2020-03-11,73.68,57.12
2020-03-12,74.25,57.12
2020-03-13,73.86,57.12
2020-03-14,73.86,57.12
2020-03-15,73.86,57.12
2020-03-16,74.01,57.12
2020-03-17,74.26,57.12
2020-03-18,74.55,57.12
2020-03-19,74.78,57.12
2020-03-20,75.31,57.12
2020-03-21,75.31,57.12
2020-03-22,75.31,57.12
2020-03-23,76.29,57.12
2020-03-24,76.37,57.12
2020-03-25,76.36,57.12
2020-03-26,74.89,57.12
2020-03-27,75.47,57.12
2020-03-28,75.47,57.12
2020-03-29,75.47,57.12
2020-03-30,75.33,57.12
2020-03-31,75.39,57.12
2020-04-01,76.4,45.0
2020-04-02,76.34,45.0
2020-04-03,76.24,45.0
2020-04-04,76.24,45.0
2020-04-05,76.24,45.0
2020-04-06,75.95,45.0
2020-04-07,75.64,45.0
2020-04-08,75.96,45.0
2020-04-09,76.3,45.0
2020-04-10,75.87,45.0
2020-04-11,75.87,45.0
2020-04-12,75.87,45.0
2020-04-13,76.25,45.0
2020-04-14,76.11,45.0
2020-04-15,76.56,45.0
2020-04-16,76.75,45.0
2020-04-17,76.56,45.0
2020-04-18,76.56,45.0
2020-04-19,76.56,45.0
2020-04-20,76.56,45.0
2020-04-21,76.95,45.0
2020-04-22,76.44,45.0
2020-04-23,75.84,45.0
2020-04-24,76.26,45.0
2020-04-25,76.26,45.0
2020-04-26,76.26,45.0
2020-04-27,76.23,45.0
2020-04-28,75.96,45.0
2020-04-29,75.45,45.0
2020-04-30,75.08,45.0
2020-05-01,75.75,46.92
2020-05-02,75.75,46.92
2020-05-03,75.75,46.92
2020-05-04,75.64,46.92
2020-05-05,75.72,46.92
2020-05-06,76.08,46.92
2020-05-07,75.78,46.92
2020-05-08,75.58,46.92
2020-05-09,75.58,46.92
2020-05-10,75.58,46.92
2020-05-11,75.87,46.92
2020-05-12,75.03,46.92
2020-05-13,75.33,46.92
2020-05-14,75.48,46.92
2020-05-15,75.82,46.92
2020-05-16,75.82,46.92
2020-05-17,75.82,46.92
2020-05-18,75.74,46.92
2020-05-19,75.67,46.92
2020-05-20,75.47,46.92
2020-05-21,75.63,46.92
2020-05-22,75.99,46.92
2020-05-23,75.99,46.92
2020-05-24,75.99,46.92
2020-05-25,75.99,46.92
2020-05-26,75.43,46.92
2020-05-27,75.88,46.92
2020-05-28,75.67,46.92
2020-05-29,75.59,46.92
2020-05-30,75.59,46.92
2020-05-31,75.59,46.92
2020-06-01,75.56,50.64
2020-06-02,75.03,50.64
2020-06-03,75.32,50.64
2020-06-04,75.43,50.64
2020-06-05,75.61,50.64
2020-06-06,75.61,50.64
2020-06-07,75.61,50.64
2020-06-08,75.44,50.64
2020-06-09,75.44,50.64
2020-06-10,75.65,50.64
2020-06-11,75.97,50.64
2020-06-12,76.03,50.64
2020-06-13,76.03,50.64
2020-06-14,76.03,50.64
2020-06-15,75.97,50.64
2020-06-16,76.19,50.64
2020-06-17,76.25,50.64
2020-06-18,76.32,50.64
2020-06-19,76.21,50.64
2020-06-20,76.21,50.64
2020-06-21,76.21,50.64
2020-06-22,75.76,50.64
2020-06-23,75.48,50.64
2020-06-24,75.65,50.64
2020-06-25,75.58,50.64
2020-06-26,75.63,50.64
2020-06-27,75.63,50.64
2020-06-28,75.63,50.64
2020-06-29,75.52,50.64
2020-06-30,75.53,50.64
2020-07-01,75.5,51.64
2020-07-02,74.78,51.64
2020-07-03,74.78,51.64
2020-07-04,74.78,51.64
2020-07-05,74.78,51.64
2020-07-06,74.62,51.64
2020-07-07,74.81,51.64
2020-07-08,74.94,51.64
2020-07-09,75.12,51.64
2020-07-10,75.14,51.64
2020-07-11,75.14,51.64
2020-07-12,75.14,51.64
2020-07-13,75.16,51.64
2020-07-14,75.38,51.64
2020-07-15,75.11,51.64
2020-07-16,75.11,51.64
2020-07-17,74.93,51.64
2020-07-18,74.93,51.64
2020-07-19,74.93,51.64
2020-07-20,74.77,51.64
2020-07-21,74.54,51.64
2020-07-22,74.56,51.64
2020-07-23,74.81,51.64
2020-07-24,74.77,51.64
2020-07-25,74.77,51.64
2020-07-26,74.77,51.64
2020-07-27,74.77,51.64
2020-07-28,74.91,51.64
2020-07-29,74.92,51.64
2020-07-30,74.88,51.64
2020-07-31,74.9,51.64
2020-08-01,74.9,52.04
2020-08-02,74.9,52.04
2020-08-03,75.2,52.04
2020-08-04,75.06,52.04
2020-08-05,74.8,52.04
2020-08-06,74.87,52.04
2020-08-07,75.04,52.04
2020-08-08,75.04,52.04
2020-08-09,75.04,52.04
2020-08-10,74.91,52.04
2020-08-11,74.61,52.04
2020-08-12,74.73,52.04
2020-08-13,74.81,52.04
2020-08-14,74.87,52.04
2020-08-15,74.87,52.04
2020-08-16,74.87,52.04
2020-08-17,74.74,52.04
2020-08-18,74.62,52.04
2020-08-19,74.85,52.04
2020-08-20,75.01,52.04
2020-08-21,74.92,52.04
2020-08-22,74.92,52.04
2020-08-23,74.92,52.04
2020-08-24,74.17,52.04
2020-08-25,74.2,52.04
2020-08-26,74.22,52.04
2020-08-27,73.89,52.04
2020-08-28,73.11,52.04
2020-08-29,73.11,52.04
2020-08-30,73.11,52.04
2020-08-31,73.25,52.04
2020-09-01,73.0,52.45
2020-09-02,73.27,52.45
2020-09-03,73.39,52.45
2020-09-04,73.29,52.45
2020-09-05,73.29,52.45
2020-09-06,73.29,52.45
2020-09-07,73.29,52.45
2020-09-08,73.78,52.45
2020-09-09,73.38,52.45
2020-09-10,73.43,52.45
2020-09-11,73.45,52.45
2020-09-12,73.45,52.45
2020-09-13,73.45,52.45
2020-09-14,73.42,52.45
2020-09-15,73.57,52.45
2020-09-16,73.54,52.45
2020-09-17,73.6,52.45
2020-09-18,73.54,52.45
2020-09-19,73.54,52.45
2020-09-20,73.54,52.45
2020-09-21,73.58,52.45
2020-09-22,73.5,52.45
2020-09-23,73.53,52.45
2020-09-24,73.9,52.45
2020-09-25,73.71,52.45
2020-09-26,73.71,52.45
2020-09-27,73.71,52.45
2020-09-28,73.79,52.45
2020-09-29,73.78,52.45
2020-09-30,73.54,52.45
2020-10-01,73.18,52.83
2020-10-02,73.35,52.83
2020-10-03,73.35,52.83
2020-10-04,73.35,52.83
2020-10-05,73.09,52.83
2020-10-06,73.4,52.83
2020-10-07,73.28,52.83
2020-10-08,73.33,52.83
2020-10-09,72.98,52.83
2020-10-10,72.98,52.83
2020-10-11,72.98,52.83
2020-10-12,72.98,52.83
2020-10-13,73.45,52.83
2020-10-14,73.24,52.83
2020-10-15,73.48,52.83
2020-10-16,73.42,52.83
2020-10-17,73.42,52.83
2020-10-18,73.42,52.83
2020-10-19,73.31,52.83
2020-10-20,73.47,52.83
2020-10-21,73.62,52.83
2020-10-22,73.65,52.83
2020-10-23,73.86,52.83
2020-10-24,73.86,52.83
2020-10-25,73.86,52.83
2020-10-26,73.93,52.83
2020-10-27,73.62,52.83
2020-10-28,74.19,52.83
2020-10-29,74.42,52.83
2020-10-30,74.59,52.83
2020-10-31,74.59,52.83
2020-11-01,74.59,53.14
2020-11-02,74.51,53.14
2020-11-03,74.61,53.14
2020-11-04,74.36,53.14
2020-11-05,73.93,53.14
2020-11-06,73.96,53.14
2020-11-07,73.96,53.14
2020-11-08,73.96,53.14
2020-11-09,74.03,53.14
2020-11-10,74.31,53.14
2020-11-11,74.31,53.14
2020-11-12,74.63,53.14
2020-11-13,74.56,53.14
2020-11-14,74.56,53.14
2020-11-15,74.56,53.14
2020-11-16,74.41,53.14
2020-11-17,74.42,53.14
2020-11-18,74.1,53.14
2020-11-19,74.16,53.14
2020-11-20,74.12,53.14
2020-11-21,74.12,53.14
2020-11-22,74.12,53.14
2020-11-23,74.21,53.14
2020-11-24,74.08,53.14
2020-11-25,73.75,53.14
2020-11-26,73.75,53.14
2020-11-27,73.75,53.14
2020-11-28,73.75,53.14
2020-11-29,73.75,53.14
2020-11-30,74.01,53.14
2020-12-01,73.51,53.69
2020-12-02,73.72,53.69
2020-12-03,73.8,53.69
2020-12-04,73.78,53.69
2020-12-05,73.78,53.69
2020-12-06,73.78,53.69
2020-12-07,73.83,53.69
2020-12-08,73.68,53.69
2020-12-09,73.71,53.69
2020-12-10,73.72,53.69
2020-12-11,73.73,53.69
2020-12-12,73.73,53.69
2020-12-13,73.73,53.69
2020-12-14,73.64,53.69
2020-12-15,73.56,53.69
2020-12-16,73.65,53.69
2020-12-17,73.53,53.69
2020-12-18,73.53,53.69
2020-12-19,73.53,53.69
2020-12-20,73.53,53.69
2020-12-21,74.03,53.69
2020-12-22,73.85,53.69
2020-12-23,73.77,53.69
2020-12-24,73.77,53.69
2020-12-25,73.77,53.69
2020-12-26,73.77,53.69
2020-12-27,73.77,53.69
2020-12-28,73.5,53.69
2020-12-29,73.33,53.69
2020-12-30,73.13,53.69
2020-12-31,73.01,53.69
2021-01-01,73.01,53.75
2021-01-02,73.01,53.75
2021-01-03,73.01,53.75
2021-01-04,73.08,53.75
2021-01-05,73.15,53.75
2021-01-06,73.15,53.75
2021-01-07,73.43,53.75
2021-01-08,73.31,53.75
2021-01-09,73.31,53.75
2021-01-10,73.31,53.75
2021-01-11,73.5,53.75
2021-01-12,73.26,53.75
2021-01-13,73.07,53.75
2021-01-14,73.11,53.75
2021-01-15,73.08,53.75
2021-01-16,73.08,53.75
2021-01-17,73.08,53.75
2021-01-18,73.08,53.75
2021-01-19,73.2,53.75
2021-01-20,73.2,53.75
2021-01-21,72.96,53.75
2021-01-22,72.98,53.75
2021-01-23,72.98,53.75
2021-01-24,72.98,53.75
2021-01-25,73.01,53.75
2021-01-26,72.9,53.75
2021-01-27,73.05,53.75
2021-01-28,72.91,53.75
2021-01-29,72.84,53.75
2021-01-30,72.84,53.75
2021-01-31,72.84,53.75
2021-02-01,73.11,53.15
2021-02-02,72.95,53.15
2021-02-03,72.84,53.15
2021-02-04,72.93,53.15
2021-02-05,72.85,53.15
2021-02-06,72.85,53.15
2021-02-07,72.85,53.15
2021-02-08,72.9,53.15
2021-02-09,72.83,53.15
2021-02-10,72.82,53.15
2021-02-11,72.69,53.15
2021-02-12,72.6,53.15
2021-02-13,72.6,53.15
2021-02-14,72.6,53.15
2021-02-15,72.6,53.15
2021-02-16,72.86,53.15
2021-02-17,72.81,53.15
2021-02-18,72.65,53.15
2021-02-19,72.5,53.15
2021-02-20,72.5,53.15
2021-02-21,72.5,53.15
2021-02-22,72.48,53.15
2021-02-23,72.44,53.15
2021-02-24,72.38,53.15
2021-02-25,72.74,53.15
2021-02-26,73.92,53.15
2021-02-27,73.92,53.15
2021-02-28,73.92,53.15
2021-03-01,73.4,54.22
2021-03-02,73.29,54.22
2021-03-03,72.85,54.22
2021-03-04,72.73,54.22
2021-03-05,73.21,54.22
2021-03-06,73.21,54.22
2021-03-07,73.21,54.22
2021-03-08,73.32,54.22
2021-03-09,72.89,54.22
2021-03-10,72.86,54.22
2021-03-11,72.69,54.22
2021-03-12,72.71,54.22
2021-03-13,72.71,54.22
2021-03-14,72.71,54.22
2021-03-15,72.58,54.22
2021-03-16,72.52,54.22
2021-03-17,72.56,54.22
2021-03-18,72.63,54.22
2021-03-19,72.45,54.22
2021-03-20,72.45,54.22
2021-03-21,72.45,54.22
2021-03-22,72.37,54.22
2021-03-23,72.52,54.22
2021-03-24,72.59,54.22
2021-03-25,72.69,54.22
2021-03-26,72.65,54.22
2021-03-27,72.65,54.22
2021-03-28,72.65,54.22
2021-03-29,72.75,54.22
2021-03-30,73.45,54.22
2021-03-31,73.14,54.22
2021-04-01,73.32,54.02
2021-04-02,73.37,54.02
2021-04-03,73.37,54.02
2021-04-04,73.37,54.02
2021-04-05,73.29,54.02
2021-04-06,73.49,54.02
2021-04-07,74.35,54.02
2021-04-08,74.57,54.02
2021-04-09,74.72,54.02
2021-04-10,74.72,54.02
2021-04-11,74.72,54.02
2021-04-12,75.03,54.02
2021-04-13,75.27,54.02
2021-04-14,75.07,54.02
2021-04-15,74.81,54.02
2021-04-16,74.48,54.02
2021-04-17,74.48,54.02
2021-04-18,74.48,54.02
2021-04-19,74.87,54.02
2021-04-20,75.38,54.02
2021-04-21,75.42,54.02
2021-04-22,75.11,54.02
2021-04-23,74.97,54.02
2021-04-24,74.97,54.02
2021-04-25,74.97,54.02
2021-04-26,74.75,54.02
2021-04-27,74.58,54.02
2021-04-28,74.49,54.02
2021-04-29,74.07,54.02
2021-04-30,74.0,54.02
2021-05-01,74.0,54.38
2021-05-02,74.0,54.38
2021-05-03,73.82,54.38
2021-05-04,73.8,54.38
2021-05-05,73.81,54.38
2021-05-06,73.64,54.38
2021-05-07,73.27,54.38
2021-05-08,73.27,54.38
2021-05-09,73.27,54.38
2021-05-10,73.41,54.38
2021-05-11,73.39,54.38
2021-05-12,73.53,54.38
2021-05-13,73.48,54.38
2021-05-14,73.23,54.38
2021-05-15,73.23,54.38
2021-05-16,73.23,54.38
2021-05-17,73.3,54.38
2021-05-18,73.04,54.38
2021-05-19,73.2,54.38
2021-05-20,73.03,54.38
2021-05-21,72.82,54.38
2021-05-22,72.82,54.38
2021-05-23,72.82,54.38
2021-05-24,72.86,54.38
2021-05-25,72.78,54.38
2021-05-26,72.71,54.38
2021-05-27,72.59,54.38
2021-05-28,72.42,54.38
2021-05-29,72.42,54.38
2021-05-30,72.42,54.38
2021-05-31,72.42,54.38
2021-06-01,72.83,54.69
2021-06-02,72.97,54.69
2021-06-03,73.01,54.69
2021-06-04,72.87,54.69
2021-06-05,72.87,54.69
2021-06-06,72.87,54.69
2021-06-07,72.8,54.69
2021-06-08,72.93,54.69
2021-06-09,72.98,54.69
2021-06-10,73.1,54.69
2021-06-11,73.24,54.69
2021-06-12,73.24,54.69
2021-06-13,73.24,54.69
2021-06-14,73.16,54.69
2021-06-15,73.35,54.69
2021-06-16,73.31,54.69
2021-06-17,74.16,54.69
2021-06-18,74.14,54.69
2021-06-19,74.14,54.69
2021-06-20,74.14,54.69
2021-06-21,74.18,54.69
2021-06-22,74.37,54.69
2021-06-23,74.13,54.69
2021-06-24,74.14,54.69
2021-06-25,74.14,54.69
2021-06-26,74.14,54.69
2021-06-27,74.14,54.69
2021-06-28,74.29,54.69
2021-06-29,74.29,54.69
2021-06-30,74.33,54.69
2021-07-01,74.56,55.2
2021-07-02,74.51,55.2
2021-07-03,74.51,55.2
2021-07-04,74.51,55.2
2021-07-05,74.51,55.2
2021-07-06,74.58,55.2
2021-07-07,74.81,55.2
2021-07-08,74.76,55.2
2021-07-09,74.53,55.2
2021-07-10,74.53,55.2
2021-07-11,74.53,55.2
2021-07-12,74.56,55.2
2021-07-13,74.51,55.2
2021-07-14,74.54,55.2
2021-07-15,74.55,55.2
2021-07-16,74.61,55.2
2021-07-17,74.61,55.2
2021-07-18,74.61,55.2
2021-07-19,74.85,55.2
2021-07-20,74.6,55.2
2021-07-21,74.49,55.2
2021-07-22,74.46,55.2
2021-07-23,74.44,55.2
2021-07-24,74.44,55.2
2021-07-25,74.44,55.2
2021-07-26,74.35,55.2
2021-07-27,74.5,55.2
2021-07-28,74.52,55.2
2021-07-29,74.25,55.2
2021-07-30,74.34,55.2
2021-07-31,74.34,55.2
2021-08-01,74.34,55.49
2021-08-02,74.35,55.49
2021-08-03,74.25,55.49
2021-08-04,74.15,55.49
2021-08-05,74.1,55.49
2021-08-06,74.19,55.49
2021-08-07,74.19,55.49
2021-08-08,74.19,55.49
2021-08-09,74.31,55.49
2021-08-10,74.5,55.49
2021-08-11,74.25,55.49
2021-08-12,74.31,55.49
2021-08-13,74.24,55.49
2021-08-14,74.24,55.49
2021-08-15,74.24,55.49
2021-08-16,74.19,55.49
2021-08-17,74.38,55.49
2021-08-18,74.27,55.49
2021-08-19,74.38,55.49
2021-08-20,74.35,55.49
2021-08-21,74.35,55.49
2021-08-22,74.35,55.49
2021-08-23,74.12,55.49
2021-08-24,74.13,55.49
2021-08-25,74.23,55.49
2021-08-26,74.13,55.49
2021-08-27,73.47,55.49
2021-08-28,73.47,55.49
2021-08-29,73.47,55.49
2021-08-30,73.29,55.49
2021-08-31,72.95,55.49
2021-09-01,72.99,55.47
2021-09-02,72.99,55.47
2021-09-03,72.98,55.47
2021-09-04,72.98,55.47
2021-09-05,72.98,55.47
2021-09-06,72.98,55.47
2021-09-07,73.44,55.47
2021-09-08,73.84,55.47
2021-09-09,73.52,55.47
2021-09-10,73.52,55.47
2021-09-11,73.52,55.47
2021-09-12,73.52,55.47
2021-09-13,73.58,55.47
2021-09-14,73.64,55.47
2021-09-15,73.47,55.47
2021-09-16,73.56,55.47
2021-09-17,73.64,55.47
2021-09-18,73.64,55.47
2021-09-19,73.64,55.47
2021-09-20,73.65,55.47
2021-09-21,73.71,55.47
2021-09-22,73.8,55.47
2021-09-23,73.7,55.47
2021-09-24,73.81,55.47
2021-09-25,73.81,55.47
2021-09-26,73.81,55.47
2021-09-27,73.86,55.47
2021-09-28,74.21,55.47
2021-09-29,74.28,55.47
2021-09-30,74.16,55.47
2021-10-01,74.15,56.21
2021-10-02,74.15,56.21
2021-10-03,74.15,56.21
2021-10-04,74.46,56.21
2021-10-05,74.51,56.21
2021-10-06,74.82,56.21
2021-10-07,74.85,56.21
2021-10-08,75.05,56.21
2021-10-09,75.05,56.21
2021-10-10,75.05,56.21
2021-10-11,75.05,56.21
2021-10-12,75.46,56.21
2021-10-13,75.33,56.21
2021-10-14,75.18,56.21
2021-10-15,74.98,56.21
2021-10-16,74.98,56.21
2021-10-17,74.98,56.21
2021-10-18,75.32,56.21
2021-10-19,75.06,56.21
2021-10-20,74.83,56.21
2021-10-21,74.8,56.21
2021-10-22,74.87,56.21
2021-10-23,74.87,56.21
2021-10-24,74.87,56.21
2021-10-25,75.05,56.21
2021-10-26,74.9,56.21
2021-10-27,75.01,56.21
2021-10-28,74.77,56.21
2021-10-29,75.0,56.21
2021-10-30,75.0,56.21
2021-10-31,75.0,56.21
2021-11-01,74.83,56.69
2021-11-02,74.63,56.69
2021-11-03,74.51,56.69
2021-11-04,74.53,56.69
2021-11-05,74.22,56.69
2021-11-06,74.22,56.69
2021-11-07,74.22,56.69
2021-11-08,73.91,56.69
2021-11-09,74.1,56.69
2021-11-10,74.26,56.69
2021-11-11,74.26,56.69
2021-11-12,74.4,56.69
2021-11-13,74.4,56.69
2021-11-14,74.4,56.69
2021-11-15,74.35,56.69
2021-11-16,74.48,56.69
2021-11-17,74.28,56.69
2021-11-18,74.25,56.69
2021-11-19,74.25,56.69
2021-11-20,74.25,56.69
2021-11-21,74.25,56.69
2021-11-22,74.37,56.69
2021-11-23,74.49,56.69
2021-11-24,74.57,56.69
2021-11-25,74.57,56.69
2021-11-26,74.89,56.69
2021-11-27,74.89,56.69
2021-11-28,74.89,56.69
2021-11-29,75.12,56.69
2021-11-30,75.1,56.69
2021-12-01,74.83,56.88
2021-12-02,74.89,56.88
2021-12-03,75.24,56.88
2021-12-04,75.24,56.88
2021-12-05,75.24,56.88
2021-12-06,75.39,56.88
2021-12-07,75.43,56.88
2021-12-08,75.4,56.88
2021-12-09,75.58,56.88
2021-12-10,75.66,56.88
2021-12-11,75.66,56.88
2021-12-12,75.66,56.88
2021-12-13,75.78,56.88
2021-12-14,75.98,56.88
2021-12-15,76.38,56.88
2021-12-16,76.18,56.88
2021-12-17,75.98,56.88
2021-12-18,75.98,56.88
2021-12-19,75.98,56.88
2021-12-20,75.82,56.88
2021-12-21,75.67,56.88
2021-12-22,75.45,56.88
2021-12-23,75.02,56.88
2021-12-24,75.02,56.88
2021-12-25,75.02,56.88
2021-12-26,75.02,56.88
2021-12-27,74.97,56.88
2021-12-28,74.67,56.88
2021-12-29,74.58,56.88
2021-12-30,74.39,56.88
2021-12-31,74.39,56.88
2022-01-01,74.39,56.98
2022-01-02,74.39,56.98
2022-01-03,74.32,56.98
2022-01-04,74.52,56.98
2022-01-05,74.31,56.98
2022-01-06,74.4,56.98
2022-01-07,74.27,56.98
2022-01-08,74.27,56.98
2022-01-09,74.27,56.98
2022-01-10,74.06,56.98
2022-01-11,73.81,56.98
2022-01-12,73.77,56.98
2022-01-13,73.96,56.98
2022-01-14,74.08,56.98
2022-01-15,74.08,56.98
2022-01-16,74.08,56.98
2022-01-17,74.08,56.98
2022-01-18,74.56,56.98
2022-01-19,74.39,56.98
2022-01-20,74.32,56.98
2022-01-21,74.28,56.98
2022-01-22,74.28,56.98
2022-01-23,74.28,56.98
2022-01-24,74.72,56.98
2022-01-25,74.73,56.98
2022-01-26,74.87,56.98
2022-01-27,75.18,56.98
2022-01-28,75.0,56.98
2022-01-29,75.0,56.98
2022-01-30,75.0,56.98
2022-01-31,74.6,56.98
2022-02-01,74.78,57.38
2022-02-02,74.77,57.38
2022-02-03,74.71,57.38
2022-02-04,74.61,57.38
2022-02-05,74.61,57.38
2022-02-06,74.61,57.38
2022-02-07,74.68,57.38
2022-02-08,74.71,57.38
2022-02-09,74.8,57.38
2022-02-10,75.07,57.38
2022-02-11,75.34,57.38
2022-02-12,75.34,57.38
2022-02-13,75.34,57.38
2022-02-14,75.63,57.38
2022-02-15,75.2,57.38
2022-02-16,75.03,57.38
2022-02-17,75.02,57.38
2022-02-18,74.63,57.38
2022-02-19,74.63,57.38
2022-02-20,74.63,57.38
2022-02-21,74.63,57.38
2022-02-22,74.65,57.38
2022-02-23,74.6,57.38
2022-02-24,75.61,57.38
2022-02-25,75.09,57.38
2022-02-26,75.09,57.38
2022-02-27,75.09,57.38
2022-02-28,75.49,57.38
2022-03-01,75.79,58.03
2022-03-02,75.61,58.03
2022-03-03,75.94,58.03
2022-03-04,76.42,58.03
2022-03-05,76.42,58.03
2022-03-06,76.42,58.03
2022-03-07,76.91,58.03
2022-03-08,77.07,58.03
2022-03-09,76.36,58.03
2022-03-10,76.37,58.03
2022-03-11,76.48,58.03
2022-03-12,76.48,58.03
2022-03-13,76.48,58.03
2022-03-14,76.45,58.03
2022-03-15,76.41,58.03
2022-03-16,76.17,58.03
2022-03-17,75.94,58.03
2022-03-18,76.03,58.03
2022-03-19,76.03,58.03
2022-03-20,76.03,58.03
2022-03-21,76.19,58.03
2022-03-22,76.06,58.03
2022-03-23,76.46,58.03
2022-03-24,76.18,58.03
2022-03-25,76.25,58.03
2022-03-26,76.25,58.03
2022-03-27,76.25,58.03
2022-03-28,76.06,58.03
2022-03-29,75.58,58.03
2022-03-30,75.76,58.03
2022-03-31,75.87,58.03
2022-04-01,75.96,58.4
2022-04-02,75.96,58.4
2022-04-03,75.96,58.4
2022-04-04,75.42,58.4
2022-04-05,75.31,58.4
2022-04-06,75.92,58.4
2022-04-07,75.9,58.4
2022-04-08,75.93,58.4
2022-04-09,75.93,58.4
2022-04-10,75.93,58.4
2022-04-11,75.85,58.4
2022-04-12,76.02,58.4
2022-04-13,76.14,58.4
2022-04-14,76.19,58.4
2022-04-15,76.32,58.4
2022-04-16,76.32,58.4
2022-04-17,76.32,58.4
2022-04-18,76.22,58.4
2022-04-19,76.39,58.4
2022-04-20,76.24,58.4
2022-04-21,76.23,58.4
2022-04-22,76.49,58.4
2022-04-23,76.49,58.4
2022-04-24,76.49,58.4
2022-04-25,76.72,58.4
2022-04-26,76.61,58.4
2022-04-27,76.61,58.4
2022-04-28,76.66,58.4
2022-04-29,76.48,58.4
2022-04-30,76.48,58.4
2022-05-01,76.48,58.43
2022-05-02,76.49,58.43
2022-05-03,76.49,58.43
2022-05-04,76.24,58.43
2022-05-05,76.54,58.43
2022-05-06,76.9,58.43
2022-05-07,76.9,58.43
2022-05-08,76.9,58.43
2022-05-09,77.45,58.43
2022-05-10,77.31,58.43
2022-05-11,77.28,58.43
2022-05-12,77.39,58.43
2022-05-13,77.42,58.43
2022-05-14,77.42,58.43
2022-05-15,77.42,58.43
2022-05-16,77.82,58.43
2022-05-17,77.46,58.43
2022-05-18,77.71,58.43
2022-05-19,77.45,58.43
2022-05-20,77.79,58.43
2022-05-21,77.79,58.43
2022-05-22,77.79,58.43
2022-05-23,77.51,58.43
2022-05-24,77.5,58.43
2022-05-25,77.58,58.43
2022-05-26,77.66,58.43
2022-05-27,77.58,58.43
2022-05-28,77.58,58.43
2022-05-29,77.58,58.43
2022-05-30,77.58,58.43
2022-05-31,77.59,58.43
2022-06-01,77.59,58.58
2022-06-02,77.41,58.58
2022-06-03,77.59,58.58
2022-06-04,77.59,58.58
2022-06-05,77.59,58.58
2022-06-06,77.83,58.58
2022-06-07,77.66,58.58
2022-06-08,77.65,58.58
2022-06-09,77.84,58.58
2022-06-10,78.08,58.58
2022-06-11,78.08,58.58
2022-06-12,78.08,58.58
2022-06-13,78.08,58.58
2022-06-14,78.01,58.58
2022-06-15,78.12,58.58
2022-06-16,78.0,58.58
2022-06-17,78.0,58.58
2022-06-18,78.0,58.58
2022-06-19,78.0,58.58
2022-06-20,78.0,58.58
2022-06-21,78.08,58.58
2022-06-22,78.21,58.58
2022-06-23,78.14,58.58
2022-06-24,78.25,58.58
2022-06-25,78.25,58.58
2022-06-26,78.25,58.58
2022-06-27,78.45,58.58
2022-06-28,78.97,58.58
2022-06-29,78.91,58.58
2022-06-30,79.02,58.58
2022-07-01,78.89,58.85
2022-07-02,78.89,58.85
2022-07-03,78.89,58.85
2022-07-04,78.89,58.85
2022-07-05,79.27,58.85
2022-07-06,79.02,58.85
2022-07-07,79.12,58.85
2022-07-08,79.25,58.85
2022-07-09,79.25,58.85
2022-07-10,79.25,58.85
2022-07-11,79.46,58.85
2022-07-12,79.45,58.85
2022-07-13,79.68,58.85
2022-07-14,79.94,58.85
2022-07-15,79.74,58.85
2022-07-16,79.74,58.85
2022-07-17,79.74,58.85
2022-07-18,79.99,58.85
2022-07-19,79.88,58.85
2022-07-20,79.96,58.85
2022-07-21,79.85,58.85
2022-07-22,79.83,58.85
2022-07-23,79.83,58.85
2022-07-24,79.83,58.85
2022-07-25,79.79,58.85
2022-07-26,79.82,58.85
2022-07-27,79.92,58.85
2022-07-28,79.64,58.85
2022-07-29,79.33,58.85
2022-07-30,79.33,58.85
2022-07-31,79.33,58.85
2022-08-01,78.93,59.05
2022-08-02,78.49,59.05
2022-08-03,79.13,59.05
2022-08-04,79.23,59.05
2022-08-05,79.36,59.05
2022-08-06,79.36,59.05
2022-08-07,79.36,59.05
2022-08-08,79.58,59.05
2022-08-09,79.65,59.05
2022-08-10,79.07,59.05
2022-08-11,79.54,59.05
2022-08-12,79.65,59.05
2022-08-13,79.65,59.05
2022-08-14,79.65,59.05
2022-08-15,79.48,59.05
2022-08-16,79.31,59.05
2022-08-17,79.41,59.05
2022-08-18,79.66,59.05
2022-08-19,79.89,59.05
2022-08-20,79.89,59.05
2022-08-21,79.89,59.05
2022-08-22,79.86,59.05
2022-08-23,79.81,59.05
2022-08-24,79.82,59.05
2022-08-25,79.9,59.05
2022-08-26,79.87,59.05
2022-08-27,79.87,59.05
2022-08-28,79.87,59.05
2022-08-29,79.96,59.05
2022-08-30,79.6,59.05
2022-08-31,79.45,59.05
2022-09-01,79.65,59.21
2022-09-02,79.7,59.21
2022-09-03,79.7,59.21
2022-09-04,79.7,59.21
2022-09-05,79.7,59.21
2022-09-06,79.86,59.21
2022-09-07,79.82,59.21
2022-09-08,79.71,59.21
2022-09-09,79.61,59.21
2022-09-10,79.61,59.21
2022-09-11,79.61,59.21
2022-09-12,79.35,59.21
2022-09-13,79.49,59.21
2022-09-14,79.41,59.21
2022-09-15,79.82,59.21
2022-09-16,79.66,59.21
2022-09-17,79.66,59.21
2022-09-18,79.66,59.21
2022-09-19,79.71,59.21
2022-09-20,79.72,59.21
2022-09-21,79.96,59.21
2022-09-22,81.0,59.21
2022-09-23,81.11,59.21
2022-09-24,81.11,59.21
2022-09-25,81.11,59.21
2022-09-26,81.6,59.21
2022-09-27,81.63,59.21
2022-09-28,81.61,59.21
2022-09-29,81.54,59.21
2022-09-30,81.37,59.21
2022-10-01,81.37,59.43
2022-10-02,81.37,59.43
2022-10-03,81.56,59.43
2022-10-04,81.45,59.43
2022-10-05,81.5,59.43
2022-10-06,82.06,59.43
2022-10-07,82.32,59.43
2022-10-08,82.32,59.43
2022-10-09,82.32,59.43
2022-10-10,82.32,59.43
2022-10-11,82.22,59.43
2022-10-12,82.25,59.43
2022-10-13,82.28,59.43
2022-10-14,82.28,59.43
2022-10-15,82.28,59.43
2022-10-16,82.28,59.43
2022-10-17,82.16,59.43
2022-10-18,82.29,59.43
2022-10-19,82.95,59.43
2022-10-20,82.66,59.43
2022-10-21,82.58,59.43
2022-10-22,82.58,59.43
2022-10-23,82.58,59.43
2022-10-24,82.68,59.43
2022-10-25,82.44,59.43
2022-10-26,82.73,59.43
2022-10-27,82.36,59.43
2022-10-28,82.33,59.43
2022-10-29,82.33,59.43
2022-10-30,82.33,59.43
2022-10-31,82.73,59.43
2022-11-01,82.62,59.45
2022-11-02,82.72,59.45
2022-11-03,82.76,59.45
2022-11-04,82.03,59.45
2022-11-05,82.03,59.45
2022-11-06,82.03,59.45
2022-11-07,81.95,59.45
2022-11-08,81.27,59.45
2022-11-09,81.25,59.45
2022-11-10,80.72,59.45
2022-11-11,80.72,59.45
2022-11-12,80.72,59.45
2022-11-13,80.72,59.45
2022-11-14,80.98,59.45
2022-11-15,80.94,59.45
2022-11-16,81.46,59.45
2022-11-17,81.69,59.45
2022-11-18,81.76,59.45
2022-11-19,81.76,59.45
2022-11-20,81.76,59.45
2022-11-21,81.68,59.45
2022-11-22,81.69,59.45
2022-11-23,81.71,59.45
2022-11-24,81.71,59.45
2022-11-25,81.73,59.45
2022-11-26,81.73,59.45
2022-11-27,81.73,59.45
2022-11-28,81.61,59.45
2022-11-29,81.61,59.45
2022-11-30,81.43,59.45
2022-12-01,81.17,59.16
2022-12-02,81.41,59.16
2022-12-03,81.41,59.16
2022-12-04,81.41,59.16
2022-12-05,81.77,59.16
2022-12-06,82.42,59.16
2022-12-07,82.31,59.16
2022-12-08,82.29,59.16
2022-12-09,82.46,59.16
2022-12-10,82.46,59.16
2022-12-11,82.46,59.16
2022-12-12,82.67,59.16
2022-12-13,82.49,59.16
2022-12-14,82.5,59.16
2022-12-15,82.75,59.16
2022-12-16,82.71,59.16
2022-12-17,82.71,59.16
2022-12-18,82.71,59.16
2022-12-19,82.65,59.16
2022-12-20,82.58,59.16
2022-12-21,82.81,59.16
2022-12-22,82.93,59.16
2022-12-23,82.86,59.16
2022-12-24,82.86,59.16
2022-12-25,82.86,59.16
2022-12-26,82.86,59.16
2022-12-27,82.88,59.16
2022-12-28,82.74,59.16
2022-12-29,82.83,59.16
2022-12-30,82.72,59.16
2022-12-31,82.72,59.16
2023-01-01,82.72,59.39
2023-01-02,82.72,59.39
2023-01-03,82.86,59.39
2023-01-04,82.72,59.39
2023-01-05,82.57,59.39
2023-01-06,82.72,59.39
2023-01-07,82.72,59.39
2023-01-08,82.72,59.39
2023-01-09,82.36,59.39
2023-01-10,81.6,59.39
2023-01-11,81.6,59.39
2023-01-12,81.19,59.39
2023-01-13,81.31,59.39
2023-01-14,81.31,59.39
2023-01-15,81.31,59.39
2023-01-16,81.31,59.39
2023-01-17,81.57,59.39
2023-01-18,81.33,59.39
2023-01-19,81.28,59.39
2023-01-20,80.99,59.39
2023-01-21,80.99,59.39
2023-01-22,80.99,59.39
2023-01-23,81.41,59.39
2023-01-24,81.53,59.39
2023-01-25,81.49,59.39
2023-01-26,81.59,59.39
2023-01-27,81.54,59.39
2023-01-28,81.54,59.39
2023-01-29,81.54,59.39
2023-01-30,81.47,59.39
2023-01-31,81.69,59.39
2023-02-01,81.73,59.39
2023-02-02,82.03,59.39
2023-02-03,82.21,59.39
2023-02-04,82.21,59.39
2023-02-05,82.21,59.39
2023-02-06,82.77,59.39
2023-02-07,82.81,59.39
2023-02-08,82.65,59.39
2023-02-09,82.44,59.39
2023-02-10,82.47,59.39
2023-02-11,82.47,59.39
2023-02-12,82.47,59.39
2023-02-13,82.72,59.39
2023-02-14,82.86,59.39
2023-02-15,82.78,59.39
2023-02-16,82.74,59.39
2023-02-17,82.73,59.39
2023-02-18,82.73,59.39
2023-02-19,82.73,59.39
2023-02-20,82.73,59.39
2023-02-21,82.85,59.39
2023-02-22,82.78,59.39
2023-02-23,82.59,59.39
2023-02-24,82.97,59.39
2023-02-25,82.97,59.39
2023-02-26,82.97,59.39
2023-02-27,82.69,59.39
2023-02-28,82.57,59.39
2023-03-01,82.43,59.41
2023-03-02,82.41,59.41
2023-03-03,81.98,59.41
2023-03-04,81.98,59.41
2023-03-05,81.98,59.41
2023-03-06,81.77,59.41
2023-03-07,81.93,59.41
2023-03-08,81.86,59.41
2023-03-09,82.02,59.41
2023-03-10,81.93,59.41
2023-03-11,81.93,59.41
2023-03-12,81.93,59.41
2023-03-13,82.19,59.41
2023-03-14,82.25,59.41
2023-03-15,82.84,59.41
2023-03-16,82.63,59.41
2023-03-17,82.56,59.41
2023-03-18,82.56,59.41
2023-03-19,82.56,59.41
2023-03-20,82.55,59.41
2023-03-21,82.59,59.41
2023-03-22,82.66,59.41
2023-03-23,82.07,59.41
2023-03-24,82.34,59.41
2023-03-25,82.34,59.41
2023-03-26,82.34,59.41
2023-03-27,82.24,59.41
2023-03-28,82.17,59.41
2023-03-29,82.18,59.41
2023-03-30,82.34,59.41
2023-03-31,82.19,59.41
2023-04-01,82.19,59.44
2023-04-02,82.19,59.44
2023-04-03,82.24,59.44
2023-04-04,82.33,59.44
2023-04-05,81.89,59.44
2023-04-06,81.86,59.44
2023-04-07,81.85,59.44
2023-04-08,81.85,59.44
2023-04-09,81.85,59.44
2023-04-10,82.01,59.44
2023-04-11,82.04,59.44
2023-04-12,81.98,59.44
2023-04-13,81.65,59.44
2023-04-14,81.88,59.44
2023-04-15,81.88,59.44
2023-04-16,81.88,59.44
2023-04-17,81.98,59.44
2023-04-18,82.08,59.44
2023-04-19,82.18,59.44
2023-04-20,82.1,59.44
2023-04-21,82.06,59.44
2023-04-22,82.06,59.44
2023-04-23,82.06,59.44
2023-04-24,81.9,59.44
2023-04-25,81.92,59.44
2023-04-26,81.74,59.44
2023-04-27,81.84,59.44
2023-04-28,81.84,59.44
2023-04-29,81.84,59.44
2023-04-30,81.84,59.44
2023-05-01,81.84,59.26
2023-05-02,81.89,59.26
2023-05-03,81.83,59.26
2023-05-04,81.73,59.26
2023-05-05,81.81,59.26
2023-05-06,81.81,59.26
2023-05-07,81.81,59.26
2023-05-08,81.78,59.26
2023-05-09,82.04,59.26
2023-05-10,81.94,59.26
2023-05-11,82.13,59.26
2023-05-12,82.17,59.26
2023-05-13,82.17,59.26
2023-05-14,82.17,59.26
2023-05-15,82.3,59.26
2023-05-16,82.26,59.26
2023-05-17,82.39,59.26
2023-05-18,82.77,59.26
2023-05-19,82.65,59.26
2023-05-20,82.65,59.26
2023-05-21,82.65,59.26
2023-05-22,82.83,59.26
2023-05-23,82.84,59.26
2023-05-24,82.66,59.26
2023-05-25,82.76,59.26
2023-05-26,82.58,59.26
2023-05-27,82.58,59.26
2023-05-28,82.58,59.26
2023-05-29,82.58,59.26
2023-05-30,82.67,59.26
2023-05-31,82.68,59.26
2023-06-01,82.41,59.1
2023-06-02,82.35,59.1
2023-06-03,82.35,59.1
2023-06-04,82.35,59.1
2023-06-05,82.67,59.1
2023-06-06,82.61,59.1
2023-06-07,82.5,59.1
2023-06-08,82.57,59.1
2023-06-09,82.46,59.1
2023-06-10,82.46,59.1
2023-06-11,82.46,59.1
2023-06-12,82.43,59.1
2023-06-13,82.38,59.1
2023-06-14,82.1,59.1
2023-06-15,82.18,59.1
2023-06-16,81.89,59.1
2023-06-17,81.89,59.1
2023-06-18,81.89,59.1
2023-06-19,81.89,59.1
2023-06-20,82.11,59.1
2023-06-21,82.04,59.1
2023-06-22,81.93,59.1
2023-06-23,82.01,59.1
2023-06-24,82.01,59.1
2023-06-25,82.01,59.1
2023-06-26,82.0,59.1
2023-06-27,81.98,59.1
2023-06-28,82.0,59.1
2023-06-29,82.05,59.1
2023-06-30,82.06,59.1
2023-07-01,82.06,59.21
2023-07-02,82.06,59.21
2023-07-03,81.96,59.21
2023-07-04,81.96,59.21
2023-07-05,82.34,59.21
2023-07-06,82.49,59.21
2023-07-07,82.74,59.21
2023-07-08,82.74,59.21
2023-07-09,82.74,59.21
2023-07-10,82.57,59.21
2023-07-11,82.39,59.21
2023-07-12,82.03,59.21
2023-07-13,82.04,59.21
2023-07-14,82.16,59.21
2023-07-15,82.16,59.21
2023-07-16,82.16,59.21
2023-07-17,82.03,59.21
2023-07-18,82.03,59.21
2023-07-19,82.09,59.21
2023-07-20,81.99,59.21
2023-07-21,81.99,59.21
2023-07-22,81.99,59.21
2023-07-23,81.99,59.21
2023-07-24,81.81,59.21
2023-07-25,81.87,59.21
2023-07-26,81.99,59.21
2023-07-27,82.15,59.21
2023-07-28,82.22,59.21
2023-07-29,82.22,59.21
2023-07-30,82.22,59.21
2023-07-31,82.24,59.21
2023-08-01,82.25,59.19
2023-08-02,82.58,59.19
2023-08-03,82.74,59.19
2023-08-04,82.83,59.19
2023-08-05,82.83,59.19
2023-08-06,82.83,59.19
2023-08-07,82.75,59.19
2023-08-08,82.85,59.19
2023-08-09,82.84,59.19
2023-08-10,82.69,59.19
2023-08-11,82.87,59.19
2023-08-12,82.87,59.19
2023-08-13,82.87,59.19
2023-08-14,83.17,59.19
2023-08-15,82.94,59.19
2023-08-16,83.19,59.19
2023-08-17,83.09,59.19
2023-08-18,83.14,59.19
2023-08-19,83.14,59.19
2023-08-20,83.14,59.19
2023-08-21,83.1,59.19
2023-08-22,82.94,59.19
2023-08-23,82.69,59.19
2023-08-24,82.57,59.19
2023-08-25,82.64,59.19
2023-08-26,82.64,59.19
2023-08-27,82.64,59.19
2023-08-28,82.6,59.19
2023-08-29,82.7,59.19
2023-08-30,82.73,59.19
2023-08-31,82.78,59.19
2023-09-01,82.69,59.3
2023-09-02,82.69,59.3
2023-09-03,82.69,59.3
2023-09-04,82.69,59.3
2023-09-05,83.03,59.3
2023-09-06,83.14,59.3
2023-09-07,83.21,59.3
2023-09-08,82.93,59.3
2023-09-09,82.93,59.3
2023-09-10,82.93,59.3
2023-09-11,83.03,59.3
2023-09-12,82.86,59.3
2023-09-13,82.93,59.3
2023-09-14,83.02,59.3
2023-09-15,83.15,59.3
2023-09-16,83.15,59.3
2023-09-17,83.15,59.3
2023-09-18,83.27,59.3
2023-09-19,83.27,59.3
2023-09-20,83.07,59.3
2023-09-21,83.11,59.3
2023-09-22,82.95,59.3
2023-09-23,82.95,59.3
2023-09-24,82.95,59.3
2023-09-25,83.11,59.3
2023-09-26,83.24,59.3
2023-09-27,83.18,59.3
2023-09-28,83.13,59.3
2023-09-29,83.08,59.3
2023-09-30,83.08,59.3
2023-10-01,83.08,58.93
2023-10-02,83.04,58.93
2023-10-03,83.22,58.93
2023-10-04,83.25,58.93
2023-10-05,83.24,58.93
2023-10-06,83.25,58.93
2023-10-07,83.25,58.93
2023-10-08,83.25,58.93
2023-10-09,83.25,58.93
2023-10-10,83.25,58.93
2023-10-11,83.18,58.93
2023-10-12,83.28,58.93
2023-10-13,83.26,58.93
2023-10-14,83.26,58.93
2023-10-15,83.26,58.93
2023-10-16,83.28,58.93
2023-10-17,83.22,58.93
2023-10-18,83.25,58.93
2023-10-19,83.1,58.93
2023-10-20,83.14,58.93
2023-10-21,83.14,58.93
2023-10-22,83.14,58.93
2023-10-23,83.19,58.93
2023-10-24,83.19,58.93
2023-10-25,83.18,58.93
2023-10-26,83.24,58.93
2023-10-27,83.27,58.93
2023-10-28,83.27,58.93
2023-10-29,83.27,58.93
2023-10-30,83.25,58.93
2023-10-31,83.26,58.93
2023-11-01,83.24,59.18
2023-11-02,83.22,59.18
2023-11-03,83.14,59.18
2023-11-04,83.14,59.18
2023-11-05,83.14,59.18
2023-11-06,83.19,59.18
2023-11-07,83.22,59.18
2023-11-08,83.28,59.18
2023-11-09,83.25,59.18
2023-11-10,83.25,59.18
2023-11-11,83.25,59.18
2023-11-12,83.25,59.18
2023-11-13,83.32,59.18
2023-11-14,83.32,59.18
2023-11-15,83.11,59.18
2023-11-16,83.22,59.18
2023-11-17,83.25,59.18
2023-11-18,83.25,59.18
2023-11-19,83.25,59.18
2023-11-20,83.33,59.18
2023-11-21,83.26,59.18
2023-11-22,83.29,59.18
2023-11-23,83.29,59.18
2023-11-24,83.34,59.18
2023-11-25,83.34,59.18
2023-11-26,83.34,59.18
2023-11-27,83.34,59.18
2023-11-28,83.33,59.18
2023-11-29,83.31,59.18
2023-11-30,83.36,59.18
2023-12-01,83.27,59.2
2023-12-02,83.27,59.2
2023-12-03,83.27,59.2
2023-12-04,83.4,59.2
2023-12-05,83.33,59.2
2023-12-06,83.32,59.2
2023-12-07,83.32,59.2
2023-12-08,83.38,59.2
2023-12-09,83.38,59.2
2023-12-10,83.38,59.2
2023-12-11,83.38,59.2
2023-12-12,83.37,59.2
2023-12-13,83.4,59.2
2023-12-14,83.28,59.2
2023-12-15,83.02,59.2
2023-12-16,83.02,59.2
2023-12-17,83.02,59.2
2023-12-18,83.04,59.2
2023-12-19,83.18,59.2
2023-12-20,83.14,59.2
2023-12-21,83.27,59.2
2023-12-22,83.12,59.2
2023-12-23,83.12,59.2
2023-12-24,83.12,59.2
2023-12-25,83.12,59.2
2023-12-26,83.17,59.2
2023-12-27,83.35,59.2
2023-12-28,83.15,59.2
2023-12-29,83.19,59.2
2023-12-30,83.19,59.2
2023-12-31,83.19,59.2
2024-01-01,83.19,58.88
2024-01-02,83.31,58.88
2024-01-03,83.3,58.88
2024-01-04,83.21,58.88
2024-01-05,83.16,58.88
2024-01-06,83.16,58.88
2024-01-07,83.16,58.88
2024-01-08,83.13,58.88
2024-01-09,83.09,58.88
2024-01-10,83.01,58.88
2024-01-11,83.03,58.88
2024-01-12,82.92,58.88
2024-01-13,82.92,58.88
2024-01-14,82.92,58.88
2024-01-15,82.92,58.88
2024-01-16,83.05,58.88
2024-01-17,83.14,58.88
2024-01-18,83.15,58.88
2024-01-19,83.09,58.88
2024-01-20,83.09,58.88
2024-01-21,83.09,58.88
2024-01-22,83.08,58.88
2024-01-23,83.15,58.88
2024-01-24,83.09,58.88
2024-01-25,83.08,58.88
2024-01-26,83.11,58.88
2024-01-27,83.11,58.88
2024-01-28,83.11,58.88
2024-01-29,83.12,58.88
2024-01-30,83.11,58.88
2024-01-31,83.02,58.88
2024-02-01,82.95,58.99
2024-02-02,82.92,58.99
2024-02-03,82.92,58.99
2024-02-04,82.92,58.99
2024-02-05,83.04,58.99
2024-02-06,83.03,58.99
2024-02-07,82.97,58.99
2024-02-08,82.97,58.99
2024-02-09,83.0,58.99
2024-02-10,83.0,58.99
2024-02-11,83.0,58.99
2024-02-12,82.95,58.99
2024-02-13,83.06,58.99
2024-02-14,83.02,58.99
2024-02-15,83.0,58.99
2024-02-16,83.02,58.99
2024-02-17,83.02,58.99
2024-02-18,83.02,58.99
2024-02-19,83.02,58.99
2024-02-20,82.88,58.99
2024-02-21,82.96,58.99
2024-02-22,82.86,58.99
2024-02-23,82.86,58.99
2024-02-24,82.86,58.99
2024-02-25,82.86,58.99
2024-02-26,82.85,58.99
2024-02-27,82.88,58.99
2024-02-28,82.88,58.99
2024-02-29,82.87,58.99
2024-03-01,82.91,58.92
2024-03-02,82.91,58.92
2024-03-03,82.91,58.92
2024-03-04,82.88,58.92
2024-03-05,82.86,58.92
2024-03-06,82.78,58.92
2024-03-07,82.78,58.92
2024-03-08,82.73,58.92
2024-03-09,82.73,58.92
2024-03-10,82.73,58.92
2024-03-11,82.72,58.92
2024-03-12,82.77,58.92
2024-03-13,82.81,58.92
2024-03-14,82.82,58.92
2024-03-15,82.86,58.92
2024-03-16,82.86,58.92
2024-03-17,82.86,58.92
2024-03-18,82.89,58.92
2024-03-19,83.01,58.92
2024-03-20,83.18,58.92
2024-03-21,83.15,58.92
2024-03-22,83.53,58.92
2024-03-23,83.53,58.92
2024-03-24,83.53,58.92
2024-03-25,83.42,58.92
2024-03-26,83.32,58.92
2024-03-27,83.34,58.92
2024-03-28,83.35,58.92
2024-03-29,83.34,58.92
2024-03-30,83.34,58.92
2024-03-31,83.34,58.92
2024-04-01,83.36,58.85
2024-04-02,83.32,58.85
2024-04-03,83.43,58.85
2024-04-04,83.44,58.85
2024-04-05,83.29,58.85
2024-04-06,83.29,58.85
2024-04-07,83.29,58.85
2024-04-08,83.25,58.85
2024-04-09,83.18,58.85
2024-04-10,83.37,58.85
2024-04-11,83.19,58.85
2024-04-12,83.59,58.85
2024-04-13,83.59,58.85
2024-04-14,83.59,58.85
2024-04-15,83.48,58.85
2024-04-16,83.54,58.85
2024-04-17,83.54,58.85
2024-04-18,83.53,58.85
2024-04-19,83.46,58.85
2024-04-20,83.46,58.85
2024-04-21,83.46,58.85
2024-04-22,83.47,58.85
2024-04-23,83.36,58.85
2024-04-24,83.34,58.85
2024-04-25,83.31,58.85
2024-04-26,83.38,58.85
2024-04-27,83.38,58.85
2024-04-28,83.38,58.85
2024-04-29,83.46,58.85
2024-04-30,83.44,58.85
2024-05-01,83.45,58.94
2024-05-02,83.44,58.94
2024-05-03,83.43,58.94
2024-05-04,83.43,58.94
2024-05-05,83.43,58.94
2024-05-06,83.48,58.94
2024-05-07,83.51,58.94
2024-05-08,83.45,58.94
2024-05-09,83.51,58.94
2024-05-10,83.54,58.94
2024-05-11,83.54,58.94
2024-05-12,83.54,58.94
2024-05-13,83.48,58.94
2024-05-14,83.5,58.94
2024-05-15,83.46,58.94
2024-05-16,83.46,58.94
2024-05-17,83.34,58.94
2024-05-18,83.34,58.94
2024-05-19,83.34,58.94
2024-05-20,83.34,58.94
2024-05-21,83.31,58.94
2024-05-22,83.26,58.94
2024-05-23,83.27,58.94
2024-05-24,83.09,58.94
2024-05-25,83.09,58.94
2024-05-26,83.09,58.94
2024-05-27,83.09,58.94
2024-05-28,83.16,58.94
2024-05-29,83.33,58.94
2024-05-30,83.28,58.94
2024-05-31,83.43,58.94
2024-06-01,83.43,58.87
2024-06-02,83.43,58.87
2024-06-03,83.14,58.87
2024-06-04,83.52,58.87
2024-06-05,83.37,58.87
2024-06-06,83.47,58.87
2024-06-07,83.38,58.87
2024-06-08,83.38,58.87
2024-06-09,83.38,58.87
2024-06-10,83.5,58.87
2024-06-11,83.5,58.87
2024-06-12,83.57,58.87
2024-06-13,83.52,58.87
2024-06-14,83.54,58.87
2024-06-15,83.54,58.87
2024-06-16,83.54,58.87
2024-06-17,83.52,58.87
2024-06-18,83.42,58.87
2024-06-19,83.42,58.87
2024-06-20,83.62,58.87
2024-06-21,83.53,58.87
2024-06-22,83.53,58.87
2024-06-23,83.53,58.87
2024-06-24,83.42,58.87
2024-06-25,83.4,58.87
2024-06-26,83.55,58.87
2024-06-27,83.44,58.87
2024-06-28,83.33,58.87
2024-06-29,83.33,58.87
2024-06-30,83.33,58.87
2024-07-01,83.44,58.59
2024-07-02,83.5,58.59
2024-07-03,83.48,58.59
2024-07-04,83.48,58.59
2024-07-05,83.47,58.59
2024-07-06,83.47,58.59
2024-07-07,83.47,58.59
2024-07-08,83.45,58.59
2024-07-09,83.47,58.59
2024-07-10,83.5,58.59
2024-07-11,83.57,58.59
2024-07-12,83.48,58.59
2024-07-13,83.48,58.59
2024-07-14,83.48,58.59
2024-07-15,83.55,58.59
2024-07-16,83.6,58.59
2024-07-17,83.55,58.59
2024-07-18,83.58,58.59
2024-07-19,83.7,58.59
2024-07-20,83.7,58.59
2024-07-21,83.7,58.59
2024-07-22,83.65,58.59
2024-07-23,83.68,58.59
2024-07-24,83.72,58.59
2024-07-25,83.7,58.59
2024-07-26,83.7,58.59
2024-07-27,83.7,58.59
2024-07-28,83.7,58.59
2024-07-29,83.75,58.59
2024-07-30,83.7,58.59
2024-07-31,83.73,58.59
2024-08-01,83.7,58.47
2024-08-02,83.79,58.47
2024-08-03,83.79,58.47
2024-08-04,83.79,58.47
2024-08-05,83.83,58.47
2024-08-06,83.91,58.47
2024-08-07,83.96,58.47
2024-08-08,83.95,58.47
2024-08-09,83.92,58.47
2024-08-10,83.92,58.47
2024-08-11,83.92,58.47
2024-08-12,83.92,58.47
2024-08-13,83.97,58.47
2024-08-14,83.91,58.47
2024-08-15,83.94,58.47
2024-08-16,83.95,58.47
2024-08-17,83.95,58.47
2024-08-18,83.95,58.47
2024-08-19,83.82,58.47
2024-08-20,83.79,58.47
2024-08-21,83.93,58.47
2024-08-22,83.93,58.47
2024-08-23,83.91,58.47
2024-08-24,83.91,58.47
2024-08-25,83.91,58.47
2024-08-26,83.87,58.47
2024-08-27,83.91,58.47
2024-08-28,83.9,58.47
2024-08-29,83.84,58.47
2024-08-30,83.83,58.47
2024-08-31,83.83,58.47
2024-09-01,83.83,58.22
2024-09-02,83.83,58.22
2024-09-03,83.94,58.22
2024-09-04,83.95,58.22
2024-09-05,83.96,58.22
2024-09-06,83.91,58.22
2024-09-07,83.91,58.22
2024-09-08,83.91,58.22
2024-09-09,83.93,58.22
2024-09-10,83.95,58.22
2024-09-11,83.95,58.22
2024-09-12,83.92,58.22
2024-09-13,83.88,58.22
2024-09-14,83.88,58.22
2024-09-15,83.88,58.22
2024-09-16,83.89,58.22
2024-09-17,83.75,58.22
2024-09-18,83.75,58.22
2024-09-19,83.68,58.22
2024-09-20,83.57,58.22
2024-09-21,83.57,58.22
2024-09-22,83.57,58.22
2024-09-23,83.53,58.22
2024-09-24,83.66,58.22
2024-09-25,83.56,58.22
2024-09-26,83.6,58.22
2024-09-27,83.68,58.22
2024-09-28,83.68,58.22
2024-09-29,83.68,58.22
2024-09-30,83.76,58.22
2024-10-01,83.81,57.72
2024-10-02,83.81,57.72
2024-10-03,84.0,57.72
2024-10-04,83.99,57.72
2024-10-05,83.99,57.72
2024-10-06,83.99,57.72
2024-10-07,83.96,57.72
2024-10-08,83.95,57.72
2024-10-09,83.93,57.72
2024-10-10,83.94,57.72
2024-10-11,84.08,57.72
2024-10-12,84.08,57.72
2024-10-13,84.08,57.72
2024-10-14,84.08,57.72
2024-10-15,84.04,57.72
2024-10-16,84.01,57.72
2024-10-17,84.04,57.72
2024-10-18,84.03,57.72
2024-10-19,84.03,57.72
2024-10-20,84.03,57.72
2024-10-21,84.07,57.72
2024-10-22,84.06,57.72
2024-10-23,84.06,57.72
2024-10-24,84.05,57.72
2024-10-25,84.06,57.72
2024-10-26,84.06,57.72
2024-10-27,84.06,57.72
2024-10-28,84.05,57.72
2024-10-29,84.04,57.72
2024-10-30,84.07,57.72
2024-10-31,84.06,57.72
2024-11-01,84.03,57.77
2024-11-02,84.03,57.77
2024-11-03,84.03,57.77
2024-11-04,84.11,57.77
2024-11-05,84.1,57.77
2024-11-06,84.31,57.77
2024-11-07,84.37,57.77
2024-11-08,84.34,57.77
2024-11-09,84.34,57.77
2024-11-10,84.34,57.77
2024-11-11,84.34,57.77
2024-11-12,84.38,57.77
2024-11-13,84.39,57.77
2024-11-14,84.42,57.77
2024-11-15,84.41,57.77
2024-11-16,84.41,57.77
2024-11-17,84.41,57.77
2024-11-18,84.37,57.77
2024-11-19,84.36,57.77
2024-11-20,84.41,57.77
2024-11-21,84.48,57.77
2024-11-22,84.44,57.77
2024-11-23,84.44,57.77
2024-11-24,84.44,57.77
2024-11-25,84.24,57.77
2024-11-26,84.27,57.77
2024-11-27,84.41,57.77
2024-11-28,84.41,57.77
2024-11-29,84.48,57.77
2024-11-30,84.48,57.77
2024-12-01,84.48,57.9
2024-12-02,84.74,57.9
2024-12-03,84.68,57.9
2024-12-04,84.69,57.9
2024-12-05,84.68,57.9
2024-12-06,84.67,57.9
2024-12-07,84.67,57.9
2024-12-08,84.67,57.9
2024-12-09,84.72,57.9
2024-12-10,84.84,57.9
2024-12-11,84.8,57.9
2024-12-12,84.84,57.9
2024-12-13,84.78,57.9
2024-12-14,84.78,57.9
2024-12-15,84.78,57.9
2024-12-16,84.89,57.9
2024-12-17,84.91,57.9
2024-12-18,84.95,57.9
2024-12-19,85.09,57.9
2024-12-20,85.02,57.9
2024-12-21,85.02,57.9
2024-12-22,85.02,57.9
2024-12-23,85.1,57.9
2024-12-24,85.14,57.9
2024-12-25,85.14,57.9
2024-12-26,85.25,57.9
2024-12-27,85.53,57.9
2024-12-28,85.53,57.9
2024-12-29,85.53,57.9
2024-12-30,85.47,57.9
2024-12-31,85.55,57.9
2025-01-01,85.55,57.7
2025-01-02,85.75,57.7
2025-01-03,85.75,57.7
2025-01-04,85.75,57.7
2025-01-05,85.75,57.7
2025-01-06,85.7,57.7
2025-01-07,85.74,57.7
2025-01-08,85.89,57.7
2025-01-09,85.87,57.7
2025-01-10,85.96,57.7
2025-01-11,85.96,57.7
2025-01-12,85.96,57.7
2025-01-13,86.69,57.7
2025-01-14,86.63,57.7
2025-01-15,86.37,57.7
2025-01-16,86.57,57.7
2025-01-17,86.55,57.7
2025-01-18,86.55,57.7
2025-01-19,86.55,57.7
2025-01-20,86.55,57.7
2025-01-21,86.58,57.7
2025-01-22,86.34,57.7
2025-01-23,86.42,57.7
2025-01-24,86.2,57.7
2025-01-25,86.2,57.7
2025-01-26,86.2,57.7
2025-01-27,86.34,57.7
2025-01-28,86.52,57.7
2025-01-29,86.61,57.7
2025-01-30,86.55,57.7
2025-01-31,86.54,57.7
2025-02-01,86.54,57.93
2025-02-02,86.54,57.93
2025-02-03,87.19,57.93
2025-02-04,87.06,57.93
2025-02-05,87.08,57.93
2025-02-06,87.57,57.93
2025-02-07,87.43,57.93
2025-02-08,87.43,57.93
2025-02-09,87.43,57.93
2025-02-10,87.45,57.93
2025-02-11,86.76,57.93
2025-02-12,86.9,57.93
2025-02-13,86.89,57.93
2025-02-14,86.82,57.93
2025-02-15,86.82,57.93
2025-02-16,86.82,57.93
2025-02-17,86.82,57.93
2025-02-18,86.96,57.93
2025-02-19,86.96,57.93
2025-02-20,86.65,57.93
2025-02-21,86.7,57.93
2025-02-22,86.7,57.93
2025-02-23,86.7,57.93
2025-02-24,86.72,57.93
2025-02-25,87.2,57.93
2025-02-26,87.2,57.93
2025-02-27,87.17,57.93
2025-02-28,87.5,57.93
2025-03-01,87.5,57.89
2025-03-02,87.5,57.89
2025-03-03,87.35,57.89
2025-03-04,87.26,57.89
2025-03-05,86.95,57.89
2025-03-06,87.11,57.89
2025-03-07,86.88,57.89
2025-03-08,86.88,57.89
2025-03-09,86.88,57.89
2025-03-10,87.27,57.89
2025-03-11,87.16,57.89
2025-03-12,87.16,57.89
2025-03-13,87.0,57.89
2025-03-14,87.0,57.89
2025-03-15,87.0,57.89
2025-03-16,87.0,57.89
2025-03-17,86.79,57.89
2025-03-18,86.5,57.89
2025-03-19,86.43,57.89
2025-03-20,86.31,57.89
2025-03-21,86.01,57.89
2025-03-22,86.01,57.89
2025-03-23,86.01,57.89
2025-03-24,85.56,57.89
2025-03-25,85.77,57.89
2025-03-26,85.71,57.89
2025-03-27,85.79,57.89
2025-03-28,85.51,57.89
2025-03-29,85.51,57.89
2025-03-30,85.51,57.89
2025-03-31,85.43,57.89
2025-04-01,85.46,57.88
2025-04-02,85.52,57.88
2025-04-03,85.44,57.88
2025-04-04,85.24,57.88
2025-04-05,85.24,57.88
2025-04-06,85.24,57.88
2025-04-07,85.85,57.88
2025-04-08,86.24,57.88
2025-04-09,86.64,57.88
2025-04-10,86.69,57.88
2025-04-11,86.06,57.88
2025-04-12,86.06,57.88
2025-04-13,86.06,57.88
2025-04-14,86.02,57.88
2025-04-15,85.76,57.88
2025-04-16,85.67,57.88
2025-04-17,85.37,57.88
2025-04-18,85.43,57.88
2025-04-19,85.43,57.88
2025-04-20,85.43,57.88
2025-04-21,85.18,57.88
2025-04-22,85.19,57.88
2025-04-23,85.42,57.88
2025-04-24,85.3,57.88
2025-04-25,85.43,57.88
2025-04-26,85.43,57.88
2025-04-27,85.43,57.88
2025-04-28,85.02,57.88
2025-04-29,85.27,57.88
2025-04-30,84.49,57.88
2025-05-01,84.58,57.76
2025-05-02,84.5,57.76
2025-05-03,84.5,57.76
2025-05-04,84.5,57.76
2025-05-05,84.27,57.76
2025-05-06,84.45,57.76
2025-05-07,84.82,57.76
2025-05-08,85.67,57.76
2025-05-09,85.38,57.76
2025-05-10,85.38,57.76
2025-05-11,85.38,57.76
2025-05-12,85.38,57.76
2025-05-13,85.35,57.76
2025-05-14,85.29,57.76
2025-05-15,85.52,57.76
2025-05-16,85.49,57.76
2025-05-17,85.49,57.76
2025-05-18,85.49,57.76
2025-05-19,85.37,57.76
2025-05-20,85.63,57.76
2025-05-21,85.65,57.76
2025-05-22,85.97,57.76
2025-05-23,85.17,57.76
2025-05-24,85.17,57.76
2025-05-25,85.17,57.76
2025-05-26,85.17,57.76
2025-05-27,85.3,57.76
2025-05-28,85.39,57.76
2025-05-29,85.49,57.76
2025-05-30,85.5,57.76
2025-05-31,85.5,57.76
2025-06-01,85.5,57.79
2025-06-02,85.33,57.79
2025-06-03,85.59,57.79
2025-06-04,85.85,57.79
2025-06-05,85.8,57.79
2025-06-06,85.66,57.79
2025-06-07,85.66,57.79
2025-06-08,85.66,57.79
2025-06-09,85.64,57.79
2025-06-10,85.57,57.79
2025-06-11,85.51,57.79
2025-06-12,85.55,57.79
2025-06-13,86.08,57.79
2025-06-14,86.08,57.79
2025-06-15,86.08,57.79
2025-06-16,86.05,57.79
2025-06-17,86.29,57.79
2025-06-18,86.49,57.79
2025-06-19,86.49,57.79
2025-06-20,86.58,57.79
2025-06-21,86.58,57.79
2025-06-22,86.58,57.79
2025-06-23,86.73,57.79
2025-06-24,85.92,57.79
2025-06-25,86.04,57.79
2025-06-26,85.66,57.79
2025-06-27,85.45,57.79
2025-06-28,85.45,57.79
2025-06-29,85.45,57.79
2025-06-30,85.74,57.79
2025-07-01,85.58,57.81
2025-07-02,85.7,57.81
2025-07-03,85.3,57.81
2025-07-04,85.3,57.81
2025-07-05,85.3,57.81
2025-07-06,85.3,57.81
2025-07-07,85.86,57.81
2025-07-08,85.75,57.81
2025-07-09,85.69,57.81
2025-07-10,85.65,57.81
2025-07-11,85.8,57.81
2025-07-12,85.8,57.81
2025-07-13,85.8,57.81
2025-07-14,85.99,57.81
2025-07-15,85.82,57.81
2025-07-16,85.96,57.81
2025-07-17,86.08,57.81
2025-07-18,86.1,57.81
2025-07-19,86.1,57.81
2025-07-20,86.1,57.81
2025-07-21,86.3,57.81
2025-07-22,86.37,57.81
2025-07-23,86.41,57.81
2025-07-24,86.39,57.81
2025-07-25,86.48,57.81
2025-07-26,86.48,57.81
2025-07-27,86.48,57.81
2025-07-28,86.67,57.81
2025-07-29,86.83,57.81
2025-07-30,87.44,57.81
2025-07-31,87.6,57.81
2025-08-01,87.54,57.68
2025-08-02,87.54,57.68
2025-08-03,87.54,57.68
2025-08-04,87.63,57.68
2025-08-05,87.8,57.68
2025-08-06,87.71,57.68
2025-08-07,87.71,57.68
2025-08-08,87.67,57.68
2025-08-09,87.67,57.68
2025-08-10,87.67,57.68
2025-08-11,87.63,57.68
2025-08-12,87.71,57.68
2025-08-13,87.48,57.68
2025-08-14,87.56,57.68
2025-08-15,87.56,57.68
2025-08-16,87.56,57.68
2025-08-17,87.56,57.68
2025-08-18,87.3,57.68
2025-08-19,87.02,57.68
2025-08-20,87.02,57.68
2025-08-21,87.31,57.68
2025-08-22,87.53,57.68
2025-08-23,87.53,57.68
2025-08-24,87.53,57.68
2025-08-25,87.55,57.68
2025-08-26,87.68,57.68
2025-08-27,87.74,57.68
2025-08-28,87.63,57.68
2025-08-29,88.18,57.68
2025-08-30,88.18,57.68
2025-08-31,88.18,57.68
2025-09-01,88.18,57.67
2025-09-02,88.15,57.67
2025-09-03,88.06,57.67
2025-09-04,88.17,57.67
2025-09-05,88.25,57.67
2025-09-06,88.25,57.67
2025-09-07,88.25,57.67
2025-09-08,88.25,57.67
2025-09-09,88.12,57.67
2025-09-10,88.09,57.67
2025-09-11,88.44,57.67
2025-09-12,88.28,57.67
2025-09-13,88.28,57.67
2025-09-14,88.28,57.67
2025-09-15,88.22,57.67
2025-09-16,88.05,57.67
2025-09-17,87.77,57.67
2025-09-18,88.17,57.67
2025-09-19,88.06,57.67
2025-09-20,88.06,57.67
2025-09-21,88.06,57.67
2025-09-22,88.29,57.67
2025-09-23,88.76,57.67
2025-09-24,88.73,57.67
2025-09-25,88.7,57.67
2025-09-26,88.65,57.67
2025-09-27,88.65,57.67
2025-09-28,88.65,57.67
2025-09-29,88.76,57.67
2025-09-30,88.78,57.67
2025-10-01,88.69,57.49
2025-10-02,88.74,57.49
2025-10-03,88.78,57.49
2025-10-04,88.78,57.49
2025-10-05,88.78,57.49
2025-10-06,88.79,57.49
2025-10-07,88.72,57.49
2025-10-08,88.77,57.49
2025-10-09,88.84,57.49
2025-10-10,88.72,57.49
2025-10-11,88.72,57.49
2025-10-12,88.72,57.49
2025-10-13,88.72,57.49
2025-10-14,88.76,57.49
2025-10-15,87.98,57.49
2025-10-16,87.81,57.49
2025-10-17,87.99,57.49
2025-10-18,87.99,57.49
2025-10-19,87.99,57.49
2025-10-20,87.92,57.49
2025-10-21,87.97,57.49
2025-10-22,87.92,57.49
2025-10-23,87.85,57.49
2025-10-24,87.83,57.49
2025-10-25,87.83,57.49
2025-10-26,87.83,57.49
2025-10-27,88.24,57.49
2025-10-28,88.21,57.49
2025-10-29,88.2,57.49
2025-10-30,88.64,57.49
2025-10-31,88.75,57.49
2025-11-01,88.75,57.38
2025-11-02,88.75,57.38
2025-11-03,88.78,57.38
2025-11-04,88.67,57.38
2025-11-05,88.66,57.38
2025-11-06,88.65,57.38
2025-11-07,88.68,57.38
2025-11-08,88.68,57.38
2025-11-09,88.68,57.38
2025-11-10,88.7,57.38
2025-11-11,88.7,57.38
2025-11-12,88.58,57.38
2025-11-13,88.66,57.38
2025-11-14,88.74,57.38
2025-11-15,88.74,57.38
2025-11-16,88.74,57.38
2025-11-17,88.58,57.38
2025-11-18,88.6,57.38
2025-11-19,88.58,57.38
2025-11-20,88.69,57.38
2025-11-21,89.54,57.38
2025-11-22,89.54,57.38
2025-11-23,89.54,57.38
2025-11-24,89.23,57.38
2025-11-25,89.16,57.38
2025-11-26,89.27,57.38
2025-11-27,89.27,57.38
2025-11-28,89.43,57.38
2025-11-29,89.43,57.38
2025-11-30,89.43,57.38
2025-12-01,89.59,57.4
2025-12-02,89.92,57.4
2025-12-03,90.15,57.4
2025-12-04,89.97,57.4
2025-12-05,89.97,57.4
2025-12-06,89.97,57.4
2025-12-07,89.97,57.4
2025-12-08,90.12,57.4
2025-12-09,89.9,57.4
2025-12-10,89.98,57.4
2025-12-11,90.35,57.4
2025-12-12,90.41,57.4
2025-12-13,90.41,57.4
2025-12-14,90.41,57.4
2025-12-15,90.7,57.4
2025-12-16,91.03,57.4
2025-12-17,90.4,57.4
2025-12-18,90.25,57.4
2025-12-19,89.54,57.4
2025-12-20,89.54,57.4
2025-12-21,89.54,57.4
2025-12-22,89.64,57.4
2025-12-23,89.67,57.4
2025-12-24,89.81,57.4
2025-12-25,89.81,57.4
2025-12-26,89.78,57.4
2025-12-27,89.78,57.4
2025-12-28,89.78,57.4
2025-12-29,89.97,57.4
2025-12-30,89.78,57.4
2025-12-31,89.84,57.4
2026-01-01,89.84,57.3
2026-01-02,90.19,57.3
2026-01-03,90.19,57.3
2026-01-04,90.19,57.3
2026-01-05,90.28,57.3
2026-01-06,90.18,57.3
2026-01-07,89.9,57.3
2026-01-08,90.02,57.3
2026-01-09,90.16,57.3
2026-01-10,90.16,57.3
2026-01-11,90.16,57.3
2026-01-12,90.12,57.3
2026-01-13,90.19,57.3
2026-01-14,90.24,57.3
2026-01-15,90.26,57.3
2026-01-16,90.87,57.3
2026-01-17,90.87,57.3
2026-01-18,90.87,57.3
2026-01-19,90.87,57.3
2026-01-20,91.01,57.3
2026-01-21,91.68,57.3
2026-01-22,91.62,57.3
2026-01-23,91.95,57.3
2026-01-24,91.95,57.3
2026-01-25,91.95,57.3
2026-01-26,91.95,57.3
2026-01-27,91.72,57.3
2026-01-28,91.78,57.3
2026-01-29,91.95,57.3
2026-01-30,91.98,57.3
2026-01-31,91.98,57.3
2026-02-01,91.98,57.52
2026-02-02,91.51,57.52
2026-02-03,90.3,57.52
2026-02-04,90.36,57.52
2026-02-05,90.33,57.52
2026-02-06,90.65,57.52
2026-02-07,90.65,57.52
2026-02-08,90.65,57.52
2026-02-09,90.77,57.52
2026-02-10,90.57,57.52
2026-02-11,90.69,57.52
2026-02-12,90.63,57.52
2026-02-13,90.64,57.52
2026-02-14,90.64,57.52
2026-02-15,90.64,57.52
2026-02-16,90.64,57.52
2026-02-17,90.63,57.52
2026-02-18,90.7,57.52
2026-02-19,90.68,57.52
2026-02-20,90.98,57.52
2026-02-21,90.98,57.52
2026-02-22,90.98,57.52
2026-02-23,90.88,57.52
2026-02-24,90.95,57.52
2026-02-25,90.95,57.52
2026-02-26,90.92,57.52
2026-02-27,91.03,57.52
2026-02-28,91.03,57.52
2026-03-01,91.03,57.59
2026-03-02,91.47,57.59
2026-03-03,91.47,57.59
2026-03-04,92.08,57.59
2026-03-05,91.58,57.59
2026-03-06,91.73,57.59
2026-03-07,91.73,57.59
2026-03-08,91.73,57.59
2026-03-09,92.31,57.59
2026-03-10,91.85,57.59
2026-03-11,92.03,57.59
2026-03-12,92.18,57.59
2026-03-13,92.47,57.59
2026-03-14,92.47,57.59
2026-03-15,92.47,57.59
2026-03-16,92.42,57.59
2026-03-17,92.36,57.59
2026-03-18,92.87,57.59
2026-03-19,92.62,57.59
2026-03-20,93.73,57.59
2026-03-21,93.73,57.59
2026-03-22,93.73,57.59
2026-03-23,93.96,57.59
2026-03-24,93.86,57.59
2026-03-25,93.97,57.59
2026-03-26,93.97,57.59
2026-03-27,94.83,57.59
2026-03-28,94.83,57.59
2026-03-29,94.83,57.59
2026-03-30,94.41,57.59
2026-03-31,93.83,57.59
2026-04-01,93.21,57.77
2026-04-02,93.09,57.77
2026-04-03,93.09,57.77
2026-04-04,93.09,57.77
2026-04-05,93.09,57.77
2026-04-06,93.06,57.77
2026-04-07,92.96,57.77
2026-04-08,92.25,57.77
2026-04-09,92.69,57.77
2026-04-10,92.72,57.77
2026-04-11,92.72,57.77
2026-04-12,92.72,57.77
2026-04-13,93.39,57.77
2026-04-14,93.37,57.77
2026-04-15,93.37,57.77
2026-04-16,93.2,57.77
2026-04-17,92.9,57.77
2026-04-18,92.9,57.77
2026-04-19,92.9,57.77
2026-04-20,93.13,57.77
2026-04-21,93.5,57.77
2026-04-22,93.79,57.77
2026-04-23,94.11,57.77
2026-04-24,94.25,57.77
2026-04-25,94.25,57.77
2026-04-26,94.25,57.77
2026-04-27,94.19,57.77
2026-04-28,94.54,57.77
2026-04-29,94.85,57.77
2026-04-30,94.91,57.77
2026-05-01,94.9,57.75
2026-05-02,94.9,57.75
2026-05-03,94.9,57.75
2026-05-04,95.09,57.75
2026-05-05,95.32,57.75
2026-05-06,94.61,57.75
2026-05-07,94.25,57.75
2026-05-08,94.49,57.75
2026-05-09,94.49,57.75
2026-05-10,94.49,57.75
2026-05-11,95.31,57.75
2026-05-12,95.63,57.75
2026-05-13,95.69,57.75
2026-05-14,95.76,57.75
2026-05-15,95.97,57.75
2026-05-16,95.97,57.75
2026-05-17,95.97,57.75
2026-05-18,96.35,57.75
2026-05-19,96.53,57.75
2026-05-20,96.82,57.75
2026-05-21,96.2,57.75
2026-05-22,95.69,57.75
2026-05-23,95.69,57.75
2026-05-24,95.69,57.75
2026-05-25,95.69,57.75
2026-05-26,95.68,57.75
2026-05-27,95.69,57.75
2026-05-28,95.69,57.75
2026-05-29,95.0,57.75
2026-05-30,95.0,57.75
2026-05-31,95.0,57.75
2026-06-01,94.99,57.9
2026-06-02,95.27,57.9
2026-06-03,95.71,57.9
2026-06-04,95.79,57.9
2026-06-05,94.95,57.9
2026-06-06,94.95,57.9
2026-06-07,94.95,57.9
2026-06-08,95.71,57.9
2026-06-09,95.35,57.9
2026-06-10,95.27,57.9
2026-06-11,95.76,57.9
2026-06-12,95.11,57.9
2026-06-13,95.11,57.9
2026-06-14,95.11,57.9
2026-06-15,94.71,57.9
2026-06-16,94.62,57.9
2026-06-17,94.53,57.9
2026-06-18,94.33,57.9
2026-06-19,94.33,57.9
2026-06-20,94.33,57.9
2026-06-21,94.33,57.9
2026-06-22,94.68,57.9
2026-06-23,94.74,57.9
2026-06-24,94.67,57.9
2026-06-25,94.4,57.9
2026-06-26,94.37,57.9
2026-06-27,94.37,57.9
2026-06-28,94.37,57.9
2026-06-29,94.54,57.9
2026-06-30,94.66,57.9
2026-07-01,95.25,57.98
2026-07-02,95.39,57.98
2026-07-03,95.39,57.98
2026-07-04,95.39,57.98
2026-07-05,95.39,57.98
2026-07-06,95.4,57.98
2026-07-07,94.97,57.98
2026-07-08,95.56,57.98
2026-07-09,95.39,57.98
2026-07-10,95.33,57.98
2026-07-11,95.33,57.98
2026-07-12,95.33,57.98
2026-07-13,95.62,57.98
2026-07-14,96.2,57.98
2026-07-15,96.26,57.98
2026-07-16,96.35,57.98
2026-07-17,96.28,57.98
2026-07-18,96.28,57.98
2026-07-19,96.28,57.98
2026-07-20,96.45,57.98
2026-07-21,96.24,57.98
2026-07-22,96.57,57.98
2026-07-23,96.57,57.98
2026-07-24,96.56,57.98
2026-07-25,96.56,57.98
2026-07-26,96.56,57.98
2026-07-27,95.91,57.98
2026-07-28,95.85,57.98
2026-07-29,95.65,57.98
2026-07-30,95.68,57.98
2026-07-31,95.38,57.98
2026-08-01,95.38,57.98
2026-08-02,95.38,57.98
2026-08-03,95.34,57.98
2026-08-04,95.38,57.98
2026-08-05,95.14,57.98
2026-08-06,95.21,57.98
2026-08-07,95.21,57.98
2026-08-08,95.21,57.98
2026-08-09,95.21,57.98
2026-08-10,95.3,57.98
2026-08-11,95.44,57.98
2026-08-12,95.33,57.98
2026-08-13,95.44,57.98
2026-08-14,95.43,57.98
2026-08-15,95.43,57.98
2026-08-16,95.43,57.98
2026-08-17,95.6,57.98
2026-08-18,95.68,57.98
2026-08-19,95.75,57.98
2026-08-20,95.71,57.98
2026-08-21,95.7,57.98
2026-08-22,95.7,57.98
2026-08-23,95.7,57.98
2026-08-24,95.75,57.98
2026-08-25,95.41,57.98
2026-08-26,95.43,57.98
2026-08-27,95.54,57.98
2026-08-28,95.38,57.98
2026-08-29,95.38,57.98
2026-08-30,95.38,57.98
2026-08-31,95.38,57.98
2026-09-01,95.38,57.98
